complaint_id,hop_count,total_elapsed_minutes,avg_minutes_between_hops,min_minutes_between_hops,city_changed,fraud_amount,crime_type,minutes_since_last_hop,was_cash_withdrawn,final_hop_lat,final_hop_lon,final_hop_city,urgency_score,predicted_minutes_to_cashout,minutes_remaining,urgency_rank,top_reason_text
CMP00003,3,94.0,47.0,16.0,1,95400,UPI Fraud,38216.53,False,26.947384,75.810416,Jaipur,,93.911995,5.0,1,"High urgency driven by: many hops completed (3 hops), slower hop timing (avg 47.0 min between hops)"
CMP00004,5,108.0,27.0,10.0,1,200700,UPI Fraud,29584.12,False,22.596339,88.326778,Kolkata,,112.477776,5.0,2,"High urgency driven by: fast hop timing (avg 27.0 min between hops), hop count (5 hops)"
CMP00011,4,158.0,52.67,35.0,1,37100,Digital Arrest Scam,19401.25,False,28.587558,77.182305,Delhi,,155.4119,5.0,3,"Urgency influenced by: slower hop timing (avg 52.7 min between hops), many hops completed (4 hops)"
CMP00012,4,83.0,27.67,5.0,0,37000,UPI Fraud,23636.3,False,17.359604,78.488242,Hyderabad,,79.790184,5.0,4,"High urgency driven by: fast hop timing (avg 27.7 min between hops), many hops completed (4 hops)"
CMP00018,4,120.0,40.0,30.0,0,71800,OTP Fraud,25313.77,False,23.020433,72.568356,Ahmedabad,,119.15934,5.0,5,"High urgency driven by: many hops completed (4 hops), fast hop timing (avg 40.0 min between hops)"
CMP00024,2,12.0,12.0,12.0,0,16400,UPI Fraud,18864.75,False,17.369706,78.485774,Hyderabad,,11.000014,5.0,6,"High urgency driven by: many hops completed (2 hops), fast hop timing (avg 12.0 min between hops)"
CMP00027,7,247.0,41.17,9.0,1,20700,OTP Fraud,18819.37,False,23.02558,72.585187,Ahmedabad,,228.67299,5.0,7,"Urgency influenced by: hop count (7 hops), fast hop timing (avg 41.2 min between hops)"
CMP00039,4,193.0,64.33,39.0,0,17800,Digital Arrest Scam,7669.67,False,28.593021,77.261238,Delhi,,198.78615,5.0,8,"Urgency influenced by: slower hop timing (avg 64.3 min between hops), many hops completed (4 hops)"
CMP00041,6,210.0,42.0,4.0,1,103000,Investment Fraud,26864.83,False,26.858974,80.964572,Lucknow,,207.09764,5.0,9,"Urgency influenced by: hop count (6 hops), fast hop timing (avg 42.0 min between hops)"
CMP00051,6,162.0,32.4,12.0,1,72400,OTP Fraud,37676.97,False,28.626971,77.194657,Delhi,,162.06033,5.0,10,"Urgency influenced by: hop count (6 hops), fast hop timing (avg 32.4 min between hops)"
CMP00052,6,151.0,30.2,6.0,0,39600,Loan App Fraud,41908.9,False,28.638508,77.20365,Delhi,,154.0055,5.0,11,"Urgency influenced by: hop count (6 hops), fast hop timing (avg 30.2 min between hops)"
CMP00059,4,182.0,60.67,45.0,1,72900,OTP Fraud,18517.45,False,22.975621,72.574276,Ahmedabad,,189.9679,5.0,12,"Urgency influenced by: slower hop timing (avg 60.7 min between hops), many hops completed (4 hops)"
CMP00061,4,118.0,39.33,19.0,0,36600,Loan App Fraud,14151.12,False,22.528274,88.395448,Kolkata,,113.954285,5.0,13,"High urgency driven by: many hops completed (4 hops), fast hop timing (avg 39.3 min between hops)"
CMP00065,5,179.0,44.75,31.0,1,109700,OTP Fraud,1461.05,False,22.534541,88.391717,Kolkata,,189.05983,5.0,14,"Urgency influenced by: hop count (5 hops), longer minimum transfer gap (31.0 min)"
CMP00068,5,182.0,45.5,38.0,0,129100,UPI Fraud,16010.83,False,28.583041,77.194188,Delhi,,197.24385,5.0,15,"Urgency influenced by: hop count (5 hops), longer minimum transfer gap (38.0 min)"
CMP00072,6,302.0,60.4,27.0,0,203300,OTP Fraud,39769.45,False,13.001476,77.55652,Bengaluru,,287.18335,5.0,16,"Urgency influenced by: hop count (6 hops), slower hop timing (avg 60.4 min between hops)"
CMP00074,6,210.0,42.0,5.0,1,207900,UPI Fraud,13295.27,False,17.360709,78.45221,Hyderabad,,202.55345,5.0,17,"Urgency influenced by: hop count (6 hops), fast hop timing (avg 42.0 min between hops)"
CMP00078,6,144.0,28.8,12.0,1,42700,UPI Fraud,23771.62,False,18.532061,73.855809,Pune,,142.02196,5.0,18,"High urgency driven by: fast hop timing (avg 28.8 min between hops), hop count (6 hops)"
CMP00080,7,225.0,37.5,13.0,1,15000,Digital Arrest Scam,31350.0,False,26.828312,80.977102,Lucknow,,220.36629,5.0,19,"Urgency influenced by: hop count (7 hops), fast hop timing (avg 37.5 min between hops)"
CMP00083,7,336.0,56.0,11.0,1,193200,UPI Fraud,38345.17,False,23.016321,72.55435,Ahmedabad,,330.95648,5.0,20,"Urgency influenced by: hop count (7 hops), slower hop timing (avg 56.0 min between hops)"
CMP00085,2,16.0,16.0,16.0,1,27700,Digital Arrest Scam,16690.77,False,26.819426,80.93593,Lucknow,,14.737081,5.0,21,"High urgency driven by: many hops completed (2 hops), fast hop timing (avg 16.0 min between hops)"
CMP00086,5,258.0,64.5,55.0,1,35900,Investment Fraud,33854.42,False,22.510115,88.421174,Kolkata,,246.68419,5.0,22,"Urgency influenced by: slower hop timing (avg 64.5 min between hops), hop count (5 hops)"
CMP00091,6,267.0,53.4,29.0,1,59700,Digital Arrest Scam,10693.72,False,18.486753,73.836219,Pune,,252.54033,5.0,23,"Urgency influenced by: hop count (6 hops), slower hop timing (avg 53.4 min between hops)"
CMP00094,3,163.0,81.5,73.0,1,41600,UPI Fraud,4050.78,False,19.092658,72.889265,Mumbai,,160.20633,5.0,24,"Urgency influenced by: slower hop timing (avg 81.5 min between hops), many hops completed (3 hops)"
CMP00097,4,174.0,58.0,37.0,0,70700,Digital Arrest Scam,5565.83,False,22.562424,88.381058,Kolkata,,173.85515,5.0,25,"Urgency influenced by: slower hop timing (avg 58.0 min between hops), many hops completed (4 hops)"
CMP00099,7,241.0,40.17,2.0,0,55200,UPI Fraud,28159.6,False,17.375867,78.491317,Hyderabad,,230.83386,5.0,26,"Urgency influenced by: hop count (7 hops), fast hop timing (avg 40.2 min between hops)"
CMP00102,5,192.0,48.0,6.0,1,38500,OTP Fraud,29291.58,False,28.627437,77.227979,Delhi,,190.65579,5.0,27,"Urgency influenced by: hop count (5 hops), slower hop timing (avg 48.0 min between hops)"
CMP00117,3,115.0,57.5,31.0,0,53400,Digital Arrest Scam,38755.78,False,19.113585,72.899634,Mumbai,,120.21518,5.0,28,"High urgency driven by: many hops completed (3 hops), slower hop timing (avg 57.5 min between hops)"
CMP00120,6,243.0,48.6,14.0,1,104200,Investment Fraud,35280.3,False,19.097752,72.890092,Mumbai,,234.3378,5.0,29,"Urgency influenced by: hop count (6 hops), slower hop timing (avg 48.6 min between hops)"
CMP00121,3,128.0,64.0,54.0,1,107700,UPI Fraud,3611.75,False,12.98206,77.62964,Bengaluru,,131.93423,5.0,30,"High urgency driven by: many hops completed (3 hops), slower hop timing (avg 64.0 min between hops)"
CMP00125,3,143.0,71.5,68.0,0,90600,OTP Fraud,29971.12,False,22.542358,88.378898,Kolkata,,140.528,5.0,31,"High urgency driven by: many hops completed (3 hops), slower hop timing (avg 71.5 min between hops)"
CMP00126,4,57.0,19.0,4.0,0,354000,UPI Fraud,7917.2,False,28.60805,77.220659,Delhi,,59.244003,5.0,32,"High urgency driven by: fast hop timing (avg 19.0 min between hops), many hops completed (4 hops)"
CMP00128,4,168.0,56.0,36.0,1,34000,OTP Fraud,40723.02,False,28.634412,77.221682,Delhi,,166.6128,5.0,33,"Urgency influenced by: slower hop timing (avg 56.0 min between hops), many hops completed (4 hops)"
CMP00130,6,227.0,45.4,20.0,1,35900,Loan App Fraud,21477.47,False,22.547617,88.351281,Kolkata,,226.30054,5.0,34,"Urgency influenced by: hop count (6 hops), slower hop timing (avg 45.4 min between hops)"
CMP00131,7,316.0,52.67,28.0,1,15000,Digital Arrest Scam,24893.32,False,17.372779,78.45871,Hyderabad,,318.8014,5.0,35,"Urgency influenced by: hop count (7 hops), slower hop timing (avg 52.7 min between hops)"
CMP00135,2,4.0,4.0,4.0,0,25200,UPI Fraud,29026.12,False,13.001514,77.590637,Bengaluru,,3.955392,5.0,36,"High urgency driven by: many hops completed (2 hops), fast hop timing (avg 4.0 min between hops)"
CMP00140,5,104.0,26.0,4.0,0,19300,Loan App Fraud,24549.53,False,25.593412,85.181906,Patna,,101.9404,5.0,37,"High urgency driven by: fast hop timing (avg 26.0 min between hops), hop count (5 hops)"
CMP00144,5,192.0,48.0,35.0,0,64300,Investment Fraud,35561.68,False,26.930591,75.788599,Jaipur,,205.85605,5.0,38,"Urgency influenced by: hop count (5 hops), slower hop timing (avg 48.0 min between hops)"
CMP00145,7,276.0,46.0,10.0,1,68600,UPI Fraud,23026.7,False,12.964305,77.55552,Bengaluru,,274.75815,5.0,39,"Urgency influenced by: hop count (7 hops), slower hop timing (avg 46.0 min between hops)"
CMP00146,6,268.0,53.6,4.0,1,106900,Digital Arrest Scam,18162.9,False,26.919078,75.800018,Jaipur,,255.0341,5.0,40,"Urgency influenced by: hop count (6 hops), slower hop timing (avg 53.6 min between hops)"
CMP00148,5,292.0,73.0,65.0,1,17900,Investment Fraud,41589.0,False,28.598321,77.195113,Delhi,,260.9187,5.0,41,"Urgency influenced by: slower hop timing (avg 73.0 min between hops), hop count (5 hops)"
CMP00154,7,312.0,52.0,27.0,0,67000,Investment Fraud,25319.57,False,17.410602,78.501513,Hyderabad,,316.6266,5.0,42,"Urgency influenced by: hop count (7 hops), slower hop timing (avg 52.0 min between hops)"
CMP00156,4,152.0,50.67,16.0,0,30000,Loan App Fraud,8696.58,False,26.930285,75.805255,Jaipur,,151.07138,5.0,43,"Urgency influenced by: slower hop timing (avg 50.7 min between hops), many hops completed (4 hops)"
CMP00157,2,40.0,40.0,40.0,0,268600,Investment Fraud,21763.2,False,22.519554,88.348704,Kolkata,,43.33802,5.0,44,"High urgency driven by: many hops completed (2 hops), fast hop timing (avg 40.0 min between hops)"
CMP00158,2,39.0,39.0,39.0,0,82300,Loan App Fraud,28274.47,False,26.878722,75.76301,Jaipur,,41.10174,5.0,45,"High urgency driven by: many hops completed (2 hops), fast hop timing (avg 39.0 min between hops)"
CMP00159,2,85.0,85.0,85.0,0,20000,Digital Arrest Scam,9020.7,False,22.591121,88.35107,Kolkata,,81.33237,5.0,46,"High urgency driven by: many hops completed (2 hops), slower hop timing (avg 85.0 min between hops)"
CMP00163,5,178.0,44.5,16.0,0,147300,Digital Arrest Scam,20068.37,False,18.538136,73.845813,Pune,,178.90494,5.0,47,"Urgency influenced by: hop count (5 hops), slower hop timing (avg 44.5 min between hops)"
CMP00164,3,121.0,60.5,35.0,1,27400,OTP Fraud,40574.52,False,25.589922,85.141268,Patna,,123.348,5.0,48,"High urgency driven by: many hops completed (3 hops), slower hop timing (avg 60.5 min between hops)"
CMP00166,4,129.0,43.0,2.0,1,78100,OTP Fraud,14963.45,False,26.939924,75.836259,Jaipur,,130.40521,5.0,49,"High urgency driven by: many hops completed (4 hops), slower hop timing (avg 43.0 min between hops)"
CMP00168,2,2.0,2.0,2.0,0,275800,OTP Fraud,36168.35,False,18.522321,73.824625,Pune,,3.2755702,5.0,50,"High urgency driven by: many hops completed (2 hops), fast hop timing (avg 2.0 min between hops)"
CMP00172,4,178.0,59.33,20.0,1,27500,OTP Fraud,33182.08,False,28.616534,77.175649,Delhi,,183.89836,5.0,51,"Urgency influenced by: slower hop timing (avg 59.3 min between hops), many hops completed (4 hops)"
CMP00173,3,78.0,39.0,10.0,1,51500,Investment Fraud,31949.53,False,28.597668,77.178401,Delhi,,78.84832,5.0,52,"High urgency driven by: many hops completed (3 hops), fast hop timing (avg 39.0 min between hops)"
CMP00175,7,298.0,49.67,7.0,0,69600,Digital Arrest Scam,27819.4,False,25.627305,85.151506,Patna,,294.1965,5.0,53,"Urgency influenced by: hop count (7 hops), slower hop timing (avg 49.7 min between hops)"
CMP00177,4,133.0,44.33,15.0,0,55600,Digital Arrest Scam,15301.75,False,26.816852,80.949774,Lucknow,,136.79652,5.0,54,"High urgency driven by: many hops completed (4 hops), slower hop timing (avg 44.3 min between hops)"
CMP00178,7,273.0,45.5,12.0,1,189200,UPI Fraud,32342.03,False,28.629744,77.219345,Delhi,,274.9325,5.0,55,"Urgency influenced by: hop count (7 hops), slower hop timing (avg 45.5 min between hops)"
CMP00181,6,223.0,44.6,17.0,1,93600,OTP Fraud,38997.35,False,26.881112,75.823394,Jaipur,,215.59373,5.0,56,"Urgency influenced by: hop count (6 hops), slower hop timing (avg 44.6 min between hops)"
CMP00185,5,227.0,56.75,45.0,0,45500,Digital Arrest Scam,18106.45,False,25.582023,85.14127,Patna,,231.5353,5.0,57,"Urgency influenced by: slower hop timing (avg 56.8 min between hops), hop count (5 hops)"
CMP00187,2,53.0,53.0,53.0,1,82200,Investment Fraud,19290.4,False,28.546319,77.225947,Delhi,,52.68844,5.0,58,"High urgency driven by: many hops completed (2 hops), slower hop timing (avg 53.0 min between hops)"
CMP00189,5,214.0,53.5,22.0,1,26800,Loan App Fraud,23464.08,False,17.36431,78.488854,Hyderabad,,211.88141,5.0,59,"Urgency influenced by: slower hop timing (avg 53.5 min between hops), hop count (5 hops)"
CMP00194,6,209.0,41.8,8.0,0,19100,Investment Fraud,32500.12,False,22.555763,88.370875,Kolkata,,208.65852,5.0,60,"Urgency influenced by: hop count (6 hops), fast hop timing (avg 41.8 min between hops)"
CMP00195,7,207.0,34.5,2.0,0,63700,Investment Fraud,14393.42,False,28.620628,77.20042,Delhi,,208.2745,5.0,61,"Urgency influenced by: hop count (7 hops), fast hop timing (avg 34.5 min between hops)"
CMP00198,4,80.0,26.67,10.0,1,62700,Loan App Fraud,24663.37,False,26.92524,75.773982,Jaipur,,77.25766,5.0,62,"High urgency driven by: fast hop timing (avg 26.7 min between hops), many hops completed (4 hops)"
CMP00201,2,78.0,78.0,78.0,1,74500,Loan App Fraud,15409.33,False,22.590024,88.355555,Kolkata,,76.749886,5.0,63,"High urgency driven by: many hops completed (2 hops), slower hop timing (avg 78.0 min between hops)"
CMP00207,6,195.0,39.0,9.0,1,85200,Investment Fraud,5863.0,False,19.058884,72.897466,Mumbai,,196.00853,5.0,64,"Urgency influenced by: hop count (6 hops), fast hop timing (avg 39.0 min between hops)"
CMP00211,4,115.0,38.33,22.0,1,89400,Investment Fraud,23664.63,False,17.366635,78.466444,Hyderabad,,118.7086,5.0,65,"High urgency driven by: many hops completed (4 hops), fast hop timing (avg 38.3 min between hops)"
CMP00215,4,161.0,53.67,31.0,1,42100,UPI Fraud,4816.42,False,26.877595,80.919424,Lucknow,,162.911,5.0,66,"Urgency influenced by: slower hop timing (avg 53.7 min between hops), many hops completed (4 hops)"
CMP00216,6,324.0,64.8,25.0,1,104800,Digital Arrest Scam,17158.0,False,26.831389,80.955238,Lucknow,,323.82068,5.0,67,"Urgency influenced by: slower hop timing (avg 64.8 min between hops), hop count (6 hops)"
CMP00218,6,141.0,28.2,3.0,0,45000,UPI Fraud,33170.97,False,12.971109,77.608412,Bengaluru,,139.61703,5.0,68,"High urgency driven by: fast hop timing (avg 28.2 min between hops), hop count (6 hops)"
CMP00220,4,138.0,46.0,26.0,1,59000,Digital Arrest Scam,25855.28,False,22.984359,72.602965,Ahmedabad,,140.89838,5.0,69,"High urgency driven by: many hops completed (4 hops), slower hop timing (avg 46.0 min between hops)"
CMP00222,4,74.0,24.67,5.0,0,15000,UPI Fraud,21815.83,False,12.975812,77.62754,Bengaluru,,71.15799,5.0,70,"High urgency driven by: fast hop timing (avg 24.7 min between hops), many hops completed (4 hops)"
CMP00223,5,280.0,70.0,54.0,1,98600,Loan App Fraud,1712.7,False,18.546898,73.872125,Pune,,259.0041,5.0,71,"Urgency influenced by: slower hop timing (avg 70.0 min between hops), hop count (5 hops)"
CMP00224,2,14.0,14.0,14.0,1,15000,Investment Fraud,26430.5,False,26.832187,80.960914,Lucknow,,14.154915,5.0,72,"High urgency driven by: many hops completed (2 hops), fast hop timing (avg 14.0 min between hops)"
CMP00230,5,258.0,64.5,20.0,0,98000,UPI Fraud,23743.43,False,22.574275,88.376798,Kolkata,,267.7568,5.0,73,"Urgency influenced by: slower hop timing (avg 64.5 min between hops), hop count (5 hops)"
CMP00231,5,168.0,42.0,13.0,0,29600,UPI Fraud,34254.22,False,26.886563,80.925026,Lucknow,,166.48036,5.0,74,"Urgency influenced by: hop count (5 hops), fast hop timing (avg 42.0 min between hops)"
CMP00234,5,264.0,66.0,29.0,0,31600,OTP Fraud,18745.77,False,22.626874,88.359503,Kolkata,,261.4922,5.0,75,"Urgency influenced by: slower hop timing (avg 66.0 min between hops), hop count (5 hops)"
CMP00239,7,317.0,52.83,3.0,0,31300,OTP Fraud,39704.02,False,25.580127,85.14703,Patna,,318.64694,5.0,76,"Urgency influenced by: hop count (7 hops), slower hop timing (avg 52.8 min between hops)"
CMP00240,3,147.0,73.5,57.0,0,113500,UPI Fraud,23520.47,False,26.85742,80.963528,Lucknow,,151.49861,5.0,77,"Urgency influenced by: slower hop timing (avg 73.5 min between hops), many hops completed (3 hops)"
CMP00241,7,183.0,30.5,9.0,1,28000,Digital Arrest Scam,22711.78,False,17.386696,78.508019,Hyderabad,,177.72443,5.0,78,"Urgency influenced by: hop count (7 hops), fast hop timing (avg 30.5 min between hops)"
CMP00242,6,233.0,46.6,6.0,1,49900,Loan App Fraud,14790.9,False,22.560967,88.361251,Kolkata,,234.64372,5.0,79,"Urgency influenced by: hop count (6 hops), slower hop timing (avg 46.6 min between hops)"
CMP00244,6,264.0,52.8,23.0,0,114800,OTP Fraud,19178.22,False,22.999316,72.577359,Ahmedabad,,248.46275,5.0,80,"Urgency influenced by: hop count (6 hops), slower hop timing (avg 52.8 min between hops)"
CMP00245,7,294.0,49.0,6.0,0,19800,Digital Arrest Scam,36033.5,False,28.602207,77.217663,Delhi,,283.06165,5.0,81,"Urgency influenced by: hop count (7 hops), slower hop timing (avg 49.0 min between hops)"
CMP00247,7,292.0,48.67,24.0,1,36700,Digital Arrest Scam,38725.27,False,22.593616,88.347584,Kolkata,,286.4006,5.0,82,"Urgency influenced by: hop count (7 hops), slower hop timing (avg 48.7 min between hops)"
CMP00249,2,39.0,39.0,39.0,1,246600,Loan App Fraud,6621.55,False,26.901482,75.785647,Jaipur,,44.462948,5.0,83,"High urgency driven by: many hops completed (2 hops), fast hop timing (avg 39.0 min between hops)"
CMP00251,7,187.0,31.17,5.0,0,18800,Loan App Fraud,40620.32,False,18.547067,73.885932,Pune,,184.61171,5.0,84,"Urgency influenced by: hop count (7 hops), fast hop timing (avg 31.2 min between hops)"
CMP00255,6,145.0,29.0,5.0,1,15100,Loan App Fraud,21432.15,False,17.425384,78.478642,Hyderabad,,148.37128,5.0,85,"High urgency driven by: fast hop timing (avg 29.0 min between hops), hop count (6 hops)"
CMP00257,5,33.0,8.25,3.0,1,161500,OTP Fraud,8485.12,False,12.969019,77.55352,Bengaluru,,79.940605,5.0,86,"High urgency driven by: fast hop timing (avg 8.2 min between hops), hop count (5 hops)"
CMP00261,7,320.0,53.33,9.0,0,25000,Loan App Fraud,13391.45,False,19.08989,72.87994,Mumbai,,310.85248,5.0,87,"Urgency influenced by: hop count (7 hops), slower hop timing (avg 53.3 min between hops)"
CMP00268,7,258.0,43.0,7.0,1,16300,Investment Fraud,33362.18,False,17.342676,78.484242,Hyderabad,,259.9842,5.0,88,"Urgency influenced by: hop count (7 hops), longer minimum transfer gap (7.0 min)"
CMP00269,7,153.0,25.5,2.0,1,37800,UPI Fraud,12936.6,False,28.597863,77.219798,Delhi,,170.2103,5.0,89,"Urgency influenced by: hop count (7 hops), fast hop timing (avg 25.5 min between hops)"
CMP00270,3,152.0,76.0,71.0,0,61500,UPI Fraud,33397.33,False,18.524897,73.8915,Pune,,150.91841,5.0,90,"Urgency influenced by: slower hop timing (avg 76.0 min between hops), many hops completed (3 hops)"
CMP00272,3,91.0,45.5,23.0,1,16200,UPI Fraud,40375.35,False,26.851477,80.947361,Lucknow,,93.54779,5.0,91,"High urgency driven by: many hops completed (3 hops), slower hop timing (avg 45.5 min between hops)"
CMP00274,4,108.0,36.0,6.0,1,55500,Digital Arrest Scam,6050.22,False,28.64939,77.193989,Delhi,,109.89357,5.0,92,"High urgency driven by: many hops completed (4 hops), fast hop timing (avg 36.0 min between hops)"
CMP00275,5,172.0,43.0,25.0,1,23900,Investment Fraud,39043.77,False,18.536468,73.889929,Pune,,181.02203,5.0,93,"Urgency influenced by: hop count (5 hops), longer minimum transfer gap (25.0 min)"
CMP00276,6,178.0,35.6,4.0,0,81500,OTP Fraud,41658.93,False,23.006565,72.601125,Ahmedabad,,179.57759,5.0,94,"Urgency influenced by: hop count (6 hops), fast hop timing (avg 35.6 min between hops)"
CMP00286,6,200.0,40.0,3.0,0,15000,UPI Fraud,20304.15,False,25.597259,85.186073,Patna,,197.94717,5.0,95,"Urgency influenced by: hop count (6 hops), fast hop timing (avg 40.0 min between hops)"
CMP00290,5,191.0,47.75,22.0,0,32400,OTP Fraud,8013.08,False,26.878741,80.960142,Lucknow,,189.84895,5.0,96,"Urgency influenced by: hop count (5 hops), slower hop timing (avg 47.8 min between hops)"
CMP00299,2,31.0,31.0,31.0,0,109800,OTP Fraud,22655.55,False,26.822822,80.95679,Lucknow,,29.824863,5.0,97,"High urgency driven by: many hops completed (2 hops), fast hop timing (avg 31.0 min between hops)"
CMP00303,5,149.0,37.25,16.0,0,103800,Investment Fraud,12282.37,False,28.56656,77.214332,Delhi,,149.95576,5.0,98,"Urgency influenced by: hop count (5 hops), fast hop timing (avg 37.2 min between hops)"
CMP00308,7,316.0,52.67,40.0,1,33300,Digital Arrest Scam,7127.7,False,22.56809,88.398221,Kolkata,,317.34814,5.0,99,"Urgency influenced by: hop count (7 hops), slower hop timing (avg 52.7 min between hops)"
CMP00312,2,39.0,39.0,39.0,1,140000,Loan App Fraud,17816.6,False,19.022205,72.859721,Mumbai,,44.99804,5.0,100,"High urgency driven by: many hops completed (2 hops), fast hop timing (avg 39.0 min between hops)"
CMP00316,2,49.0,49.0,49.0,1,56000,OTP Fraud,25434.85,False,17.367079,78.440037,Hyderabad,,56.30127,5.0,101,"High urgency driven by: many hops completed (2 hops), slower hop timing (avg 49.0 min between hops)"
CMP00321,2,29.0,29.0,29.0,1,59700,Digital Arrest Scam,16834.75,False,12.978817,77.601108,Bengaluru,,30.10652,5.0,102,"High urgency driven by: many hops completed (2 hops), fast hop timing (avg 29.0 min between hops)"
CMP00322,6,285.0,57.0,3.0,0,91200,UPI Fraud,38403.08,False,18.52561,73.805657,Pune,,282.9063,5.0,103,"Urgency influenced by: hop count (6 hops), slower hop timing (avg 57.0 min between hops)"
CMP00325,3,97.0,48.5,20.0,1,23400,Investment Fraud,10856.0,False,25.615372,85.134166,Patna,,94.523254,5.0,104,"High urgency driven by: many hops completed (3 hops), slower hop timing (avg 48.5 min between hops)"
CMP00326,3,69.0,34.5,20.0,0,19600,Loan App Fraud,35707.37,False,18.538716,73.854682,Pune,,71.21202,5.0,105,"High urgency driven by: many hops completed (3 hops), fast hop timing (avg 34.5 min between hops)"
CMP00336,3,52.0,26.0,4.0,1,48500,Loan App Fraud,24280.55,False,19.070338,72.886884,Mumbai,,49.232548,5.0,106,"High urgency driven by: many hops completed (3 hops), fast hop timing (avg 26.0 min between hops)"
CMP00339,5,216.0,54.0,8.0,1,78100,Investment Fraud,39915.2,False,26.915724,75.769797,Jaipur,,208.6482,5.0,107,"Urgency influenced by: slower hop timing (avg 54.0 min between hops), hop count (5 hops)"
CMP00340,6,250.0,50.0,27.0,0,34100,UPI Fraud,28655.9,False,17.350702,78.446361,Hyderabad,,240.61873,5.0,108,"Urgency influenced by: hop count (6 hops), slower hop timing (avg 50.0 min between hops)"
CMP00341,2,68.0,68.0,68.0,1,27300,Investment Fraud,33138.08,False,18.523531,73.845965,Pune,,67.70166,5.0,109,"High urgency driven by: many hops completed (2 hops), slower hop timing (avg 68.0 min between hops)"
CMP00342,6,249.0,49.8,3.0,0,67700,Investment Fraud,10582.57,False,26.870835,80.977103,Lucknow,,247.9185,5.0,110,"Urgency influenced by: hop count (6 hops), slower hop timing (avg 49.8 min between hops)"
CMP00343,3,96.0,48.0,40.0,1,67700,OTP Fraud,8865.9,False,17.320942,78.481924,Hyderabad,,99.60281,5.0,111,"High urgency driven by: many hops completed (3 hops), slower hop timing (avg 48.0 min between hops)"
CMP00354,5,223.0,55.75,24.0,1,48000,UPI Fraud,30302.45,False,25.628855,85.151545,Patna,,229.64156,5.0,112,"Urgency influenced by: slower hop timing (avg 55.8 min between hops), hop count (5 hops)"
CMP00358,5,206.0,51.5,15.0,1,43000,Investment Fraud,26149.93,False,28.655648,77.218867,Delhi,,205.87616,5.0,113,"Urgency influenced by: slower hop timing (avg 51.5 min between hops), hop count (5 hops)"
CMP00360,5,219.0,54.75,39.0,1,27200,Digital Arrest Scam,39519.88,False,22.996969,72.589109,Ahmedabad,,222.56792,5.0,114,"Urgency influenced by: slower hop timing (avg 54.8 min between hops), hop count (5 hops)"
CMP00373,5,139.0,34.75,14.0,1,188800,Loan App Fraud,40234.9,False,26.839006,80.951679,Lucknow,,144.75438,5.0,115,"High urgency driven by: fast hop timing (avg 34.8 min between hops), hop count (5 hops)"
CMP00374,3,98.0,49.0,43.0,0,124300,Investment Fraud,1603.33,False,18.475994,73.866916,Pune,,96.6263,5.0,116,"High urgency driven by: many hops completed (3 hops), slower hop timing (avg 49.0 min between hops)"
CMP00378,7,207.0,34.5,15.0,1,64300,Digital Arrest Scam,15235.17,False,22.533328,88.335731,Kolkata,,206.60843,5.0,117,"Urgency influenced by: hop count (7 hops), fast hop timing (avg 34.5 min between hops)"
CMP00380,2,81.0,81.0,81.0,1,27700,Loan App Fraud,2876.48,False,12.97146,77.611319,Bengaluru,,80.88177,5.0,118,"High urgency driven by: many hops completed (2 hops), slower hop timing (avg 81.0 min between hops)"
CMP00388,5,179.0,44.75,18.0,1,271000,Investment Fraud,8020.58,False,23.01312,72.563457,Ahmedabad,,182.44365,5.0,119,"Urgency influenced by: hop count (5 hops), slower hop timing (avg 44.8 min between hops)"
CMP00389,4,175.0,58.33,40.0,0,123400,Digital Arrest Scam,9795.27,False,19.064669,72.914012,Mumbai,,178.2186,5.0,120,"Urgency influenced by: slower hop timing (avg 58.3 min between hops), many hops completed (4 hops)"
CMP00395,3,80.0,40.0,28.0,0,149900,Investment Fraud,16475.98,False,19.068299,72.897192,Mumbai,,85.22539,5.0,121,"High urgency driven by: many hops completed (3 hops), fast hop timing (avg 40.0 min between hops)"
CMP00397,5,155.0,38.75,15.0,0,15000,UPI Fraud,15514.33,False,23.036523,72.564013,Ahmedabad,,156.40324,5.0,122,"Urgency influenced by: hop count (5 hops), fast hop timing (avg 38.8 min between hops)"
CMP00403,4,226.0,75.33,74.0,1,55200,OTP Fraud,25848.23,False,18.517376,73.867188,Pune,,219.74124,5.0,123,"Urgency influenced by: slower hop timing (avg 75.3 min between hops), many hops completed (4 hops)"
CMP00404,7,300.0,50.0,24.0,0,57200,Digital Arrest Scam,40935.7,False,26.846289,80.97591,Lucknow,,296.23767,5.0,124,"Urgency influenced by: hop count (7 hops), slower hop timing (avg 50.0 min between hops)"
CMP00406,7,361.0,60.17,13.0,0,93400,Loan App Fraud,28365.02,False,23.00736,72.61705,Ahmedabad,,347.93747,5.0,125,"Urgency influenced by: hop count (7 hops), slower hop timing (avg 60.2 min between hops)"
CMP00408,4,92.0,30.67,6.0,0,48700,Digital Arrest Scam,31207.13,False,25.597439,85.133788,Patna,,94.90776,5.0,126,"High urgency driven by: fast hop timing (avg 30.7 min between hops), many hops completed (4 hops)"
CMP00410,4,126.0,42.0,15.0,0,85200,UPI Fraud,25096.77,False,22.619715,88.402481,Kolkata,,124.1161,5.0,127,"High urgency driven by: many hops completed (4 hops), fast hop timing (avg 42.0 min between hops)"
CMP00412,4,178.0,59.33,48.0,0,21100,UPI Fraud,31790.68,False,19.081845,72.838803,Mumbai,,193.9521,5.0,128,"Urgency influenced by: slower hop timing (avg 59.3 min between hops), many hops completed (4 hops)"
CMP00422,6,249.0,49.8,16.0,1,244500,Loan App Fraud,999.45,False,28.603563,77.215507,Delhi,,236.98154,5.0,129,"Urgency influenced by: hop count (6 hops), slower hop timing (avg 49.8 min between hops)"
CMP00426,5,179.0,44.75,17.0,0,176000,UPI Fraud,7953.3,False,22.585056,88.392404,Kolkata,,180.3653,5.0,130,"Urgency influenced by: hop count (5 hops), slower hop timing (avg 44.8 min between hops)"
CMP00427,6,199.0,39.8,15.0,1,24200,Loan App Fraud,31287.35,False,22.599883,88.379128,Kolkata,,196.98909,5.0,131,"Urgency influenced by: hop count (6 hops), fast hop timing (avg 39.8 min between hops)"
CMP00428,2,61.0,61.0,61.0,0,98500,UPI Fraud,41586.9,False,22.577673,88.326006,Kolkata,,61.916492,5.0,132,"High urgency driven by: many hops completed (2 hops), slower hop timing (avg 61.0 min between hops)"
CMP00430,7,331.0,55.17,21.0,1,15000,OTP Fraud,2892.08,False,18.526152,73.869144,Pune,,315.29,5.0,133,"Urgency influenced by: hop count (7 hops), slower hop timing (avg 55.2 min between hops)"
CMP00433,3,142.0,71.0,57.0,1,43700,Investment Fraud,7550.72,False,17.43559,78.48687,Hyderabad,,142.16165,5.0,134,"High urgency driven by: many hops completed (3 hops), slower hop timing (avg 71.0 min between hops)"
CMP00437,5,117.0,29.25,11.0,0,219600,OTP Fraud,40964.6,False,23.085673,72.558128,Ahmedabad,,120.68298,5.0,135,"High urgency driven by: fast hop timing (avg 29.2 min between hops), hop count (5 hops)"
CMP00439,3,36.0,18.0,2.0,0,15000,Investment Fraud,20746.48,False,22.594382,88.330251,Kolkata,,28.731607,5.0,136,"High urgency driven by: fast hop timing (avg 18.0 min between hops), many hops completed (3 hops)"
CMP00442,7,290.0,48.33,15.0,0,53500,Investment Fraud,29942.72,False,17.369762,78.482026,Hyderabad,,288.37903,5.0,137,"Urgency influenced by: hop count (7 hops), slower hop timing (avg 48.3 min between hops)"
CMP00445,2,29.0,29.0,29.0,0,18100,Investment Fraud,21993.35,False,19.084462,72.870315,Mumbai,,33.166748,5.0,138,"High urgency driven by: many hops completed (2 hops), fast hop timing (avg 29.0 min between hops)"
CMP00447,2,88.0,88.0,88.0,0,75100,UPI Fraud,33195.37,False,12.931775,77.605612,Bengaluru,,88.10081,5.0,139,"High urgency driven by: many hops completed (2 hops), slower hop timing (avg 88.0 min between hops)"
CMP00449,2,66.0,66.0,66.0,1,35500,Loan App Fraud,6866.98,False,25.586274,85.137582,Patna,,68.94166,5.0,140,"High urgency driven by: many hops completed (2 hops), slower hop timing (avg 66.0 min between hops)"
CMP00454,3,110.0,55.0,36.0,1,84400,Loan App Fraud,42042.35,False,26.885463,80.921241,Lucknow,,109.38886,5.0,141,"High urgency driven by: many hops completed (3 hops), slower hop timing (avg 55.0 min between hops)"
CMP00463,6,257.0,51.4,24.0,1,30300,Loan App Fraud,12538.63,False,26.842623,80.927577,Lucknow,,254.71959,5.0,142,"Urgency influenced by: hop count (6 hops), slower hop timing (avg 51.4 min between hops)"
CMP00469,3,71.0,35.5,21.0,1,35000,Loan App Fraud,31788.78,False,28.622172,77.229838,Delhi,,74.55172,5.0,143,"High urgency driven by: many hops completed (3 hops), fast hop timing (avg 35.5 min between hops)"
CMP00470,6,224.0,44.8,6.0,0,33700,Loan App Fraud,25791.23,False,12.977217,77.617915,Bengaluru,,224.78722,5.0,144,"Urgency influenced by: hop count (6 hops), slower hop timing (avg 44.8 min between hops)"
CMP00471,2,71.0,71.0,71.0,1,43500,OTP Fraud,39737.3,False,28.5777,77.15403,Delhi,,69.53999,5.0,145,"High urgency driven by: many hops completed (2 hops), slower hop timing (avg 71.0 min between hops)"
CMP00472,5,201.0,50.25,12.0,0,15000,Digital Arrest Scam,3678.27,False,19.061062,72.913259,Mumbai,,194.94722,5.0,146,"Urgency influenced by: hop count (5 hops), slower hop timing (avg 50.2 min between hops)"
CMP00480,7,279.0,46.5,6.0,0,142400,UPI Fraud,21411.72,False,22.605025,88.363328,Kolkata,,277.61356,5.0,147,"Urgency influenced by: hop count (7 hops), slower hop timing (avg 46.5 min between hops)"
CMP00482,3,61.0,30.5,5.0,1,24400,Digital Arrest Scam,665.0,False,18.51464,73.833594,Pune,,62.109573,5.0,148,"High urgency driven by: many hops completed (3 hops), fast hop timing (avg 30.5 min between hops)"
CMP00486,5,278.0,69.5,48.0,1,16400,Digital Arrest Scam,12149.6,False,18.50059,73.849001,Pune,,261.73688,5.0,149,"Urgency influenced by: slower hop timing (avg 69.5 min between hops), hop count (5 hops)"
CMP00489,5,197.0,49.25,8.0,0,230800,UPI Fraud,27739.93,False,19.066876,72.85672,Mumbai,,194.32962,5.0,150,"Urgency influenced by: hop count (5 hops), slower hop timing (avg 49.2 min between hops)"
CMP00490,6,233.0,46.6,5.0,1,116400,Investment Fraud,1241.77,False,12.9756,77.607145,Bengaluru,,227.635,5.0,151,"Urgency influenced by: hop count (6 hops), slower hop timing (avg 46.6 min between hops)"
CMP00491,4,98.0,32.67,4.0,0,54600,OTP Fraud,21979.17,False,19.105685,72.942439,Mumbai,,99.559425,5.0,152,"High urgency driven by: fast hop timing (avg 32.7 min between hops), many hops completed (4 hops)"
CMP00496,3,83.0,41.5,10.0,1,87000,UPI Fraud,30595.0,False,23.023205,72.571172,Ahmedabad,,83.27561,5.0,153,"High urgency driven by: many hops completed (3 hops), fast hop timing (avg 41.5 min between hops)"
CMP00501,2,75.0,75.0,75.0,1,120900,UPI Fraud,35791.02,False,12.997357,77.60057,Bengaluru,,77.467064,5.0,154,"High urgency driven by: many hops completed (2 hops), slower hop timing (avg 75.0 min between hops)"
CMP00502,7,203.0,33.83,8.0,0,278800,Digital Arrest Scam,35616.87,False,22.566124,88.358991,Kolkata,,201.89397,5.0,155,"Urgency influenced by: hop count (7 hops), fast hop timing (avg 33.8 min between hops)"
CMP00505,5,193.0,48.25,30.0,0,31600,Digital Arrest Scam,13803.93,False,18.546801,73.862281,Pune,,196.92517,5.0,156,"Urgency influenced by: hop count (5 hops), slower hop timing (avg 48.2 min between hops)"
CMP00507,6,168.0,33.6,4.0,1,33200,Investment Fraud,34541.93,False,26.942137,75.75661,Jaipur,,171.87709,5.0,157,"Urgency influenced by: hop count (6 hops), fast hop timing (avg 33.6 min between hops)"
CMP00513,6,310.0,62.0,42.0,0,44900,UPI Fraud,35318.07,False,26.927719,75.760965,Jaipur,,312.22717,5.0,158,"Urgency influenced by: hop count (6 hops), slower hop timing (avg 62.0 min between hops)"
CMP00514,5,105.0,26.25,5.0,1,25400,Investment Fraud,32377.78,False,12.972695,77.590925,Bengaluru,,107.3603,5.0,159,"High urgency driven by: fast hop timing (avg 26.2 min between hops), hop count (5 hops)"
CMP00515,5,213.0,53.25,13.0,0,33700,Loan App Fraud,3917.55,False,28.570755,77.192061,Delhi,,209.96802,5.0,160,"Urgency influenced by: slower hop timing (avg 53.2 min between hops), hop count (5 hops)"
CMP00522,7,213.0,35.5,11.0,1,87300,Investment Fraud,4264.93,False,19.059107,72.878554,Mumbai,,213.3153,5.0,161,"Urgency influenced by: hop count (7 hops), fast hop timing (avg 35.5 min between hops)"
CMP00523,5,218.0,54.5,18.0,0,31300,UPI Fraud,23999.68,False,19.075466,72.85902,Mumbai,,221.60793,5.0,162,"Urgency influenced by: slower hop timing (avg 54.5 min between hops), hop count (5 hops)"
CMP00527,7,344.0,57.33,18.0,0,15000,Loan App Fraud,25280.95,False,12.991059,77.58082,Bengaluru,,329.79022,5.0,163,"Urgency influenced by: hop count (7 hops), slower hop timing (avg 57.3 min between hops)"
CMP00531,4,156.0,52.0,21.0,0,94600,Investment Fraud,39040.1,False,19.080913,72.895425,Mumbai,,160.42288,5.0,164,"Urgency influenced by: slower hop timing (avg 52.0 min between hops), many hops completed (4 hops)"
CMP00537,2,85.0,85.0,85.0,0,26500,Loan App Fraud,26435.43,False,22.567374,88.342637,Kolkata,,81.73525,5.0,165,"High urgency driven by: many hops completed (2 hops), slower hop timing (avg 85.0 min between hops)"
CMP00543,3,106.0,53.0,48.0,1,86300,UPI Fraud,10942.1,False,28.597447,77.201407,Delhi,,99.919525,5.0,166,"High urgency driven by: many hops completed (3 hops), slower hop timing (avg 53.0 min between hops)"
CMP00545,4,93.0,31.0,20.0,1,15000,UPI Fraud,36868.87,False,28.609584,77.231091,Delhi,,94.28098,5.0,167,"High urgency driven by: fast hop timing (avg 31.0 min between hops), many hops completed (4 hops)"
CMP00546,3,51.0,25.5,8.0,0,27900,OTP Fraud,9287.63,False,26.898797,75.78323,Jaipur,,48.590397,5.0,168,"High urgency driven by: many hops completed (3 hops), fast hop timing (avg 25.5 min between hops)"
CMP00547,6,293.0,58.6,15.0,0,89800,Digital Arrest Scam,10698.68,False,26.853264,80.95104,Lucknow,,284.29095,5.0,169,"Urgency influenced by: hop count (6 hops), slower hop timing (avg 58.6 min between hops)"
CMP00554,3,127.0,63.5,39.0,0,68300,Investment Fraud,30871.63,False,23.029185,72.579442,Ahmedabad,,131.10492,5.0,170,"High urgency driven by: many hops completed (3 hops), slower hop timing (avg 63.5 min between hops)"
CMP00560,6,222.0,44.4,28.0,0,38500,Loan App Fraud,8696.25,False,22.54308,88.391758,Kolkata,,228.9898,5.0,171,"Urgency influenced by: hop count (6 hops), slower hop timing (avg 44.4 min between hops)"
CMP00574,7,336.0,56.0,13.0,0,45700,OTP Fraud,10317.82,False,17.387216,78.491633,Hyderabad,,329.05197,5.0,172,"Urgency influenced by: hop count (7 hops), slower hop timing (avg 56.0 min between hops)"
CMP00576,6,273.0,54.6,5.0,1,15000,Digital Arrest Scam,20015.4,False,22.600277,88.36089,Kolkata,,268.79736,5.0,173,"Urgency influenced by: hop count (6 hops), slower hop timing (avg 54.6 min between hops)"
CMP00581,5,185.0,46.25,15.0,0,73300,OTP Fraud,35980.02,False,28.574985,77.198297,Delhi,,185.19392,5.0,174,"Urgency influenced by: hop count (5 hops), slower hop timing (avg 46.2 min between hops)"
CMP00585,5,277.0,69.25,63.0,1,64200,UPI Fraud,13007.83,False,22.596428,88.376727,Kolkata,,257.44507,5.0,175,"Urgency influenced by: slower hop timing (avg 69.2 min between hops), hop count (5 hops)"
CMP00586,5,256.0,64.0,32.0,0,67900,UPI Fraud,25145.67,False,22.566938,88.339914,Kolkata,,276.1564,5.0,176,"Urgency influenced by: slower hop timing (avg 64.0 min between hops), hop count (5 hops)"
CMP00593,6,190.0,38.0,7.0,1,82600,Digital Arrest Scam,23250.38,False,18.508331,73.832867,Pune,,195.79399,5.0,177,"Urgency influenced by: hop count (6 hops), fast hop timing (avg 38.0 min between hops)"
CMP00598,4,150.0,50.0,18.0,1,23900,UPI Fraud,14084.87,False,23.050651,72.570115,Ahmedabad,,145.00659,5.0,178,"High urgency driven by: many hops completed (4 hops), slower hop timing (avg 50.0 min between hops)"
CMP00599,6,357.0,71.4,50.0,0,37700,Loan App Fraud,2702.08,False,17.405974,78.471269,Hyderabad,,321.80182,5.0,179,"Urgency influenced by: slower hop timing (avg 71.4 min between hops), hop count (6 hops)"
CMP00600,5,269.0,67.25,55.0,0,75800,Investment Fraud,35888.57,False,18.545307,73.844356,Pune,,260.88776,5.0,180,"Urgency influenced by: slower hop timing (avg 67.2 min between hops), hop count (5 hops)"
CMP00602,7,207.0,34.5,2.0,1,25100,Loan App Fraud,13346.73,False,23.003178,72.581576,Ahmedabad,,200.3944,5.0,181,"Urgency influenced by: hop count (7 hops), fast hop timing (avg 34.5 min between hops)"
CMP00604,3,104.0,52.0,50.0,1,174100,Loan App Fraud,8757.08,False,26.923362,75.78779,Jaipur,,103.067474,5.0,182,"High urgency driven by: many hops completed (3 hops), slower hop timing (avg 52.0 min between hops)"
CMP00605,7,192.0,32.0,3.0,1,78200,Investment Fraud,27977.18,False,26.904333,75.781029,Jaipur,,193.66495,5.0,183,"Urgency influenced by: hop count (7 hops), fast hop timing (avg 32.0 min between hops)"
CMP00606,6,285.0,57.0,29.0,1,271100,Digital Arrest Scam,23567.02,False,22.532222,88.393018,Kolkata,,278.2503,5.0,184,"Urgency influenced by: hop count (6 hops), slower hop timing (avg 57.0 min between hops)"
CMP00619,4,121.0,40.33,29.0,0,82800,Digital Arrest Scam,2242.53,False,12.971777,77.578092,Bengaluru,,116.76648,5.0,185,"High urgency driven by: many hops completed (4 hops), fast hop timing (avg 40.3 min between hops)"
CMP00624,5,256.0,64.0,39.0,1,172600,Loan App Fraud,31334.52,False,17.389234,78.451357,Hyderabad,,265.5997,5.0,186,"Urgency influenced by: slower hop timing (avg 64.0 min between hops), hop count (5 hops)"
CMP00626,7,306.0,51.0,34.0,0,35600,OTP Fraud,9486.23,False,23.039262,72.544604,Ahmedabad,,299.91025,5.0,187,"Urgency influenced by: hop count (7 hops), slower hop timing (avg 51.0 min between hops)"
CMP00627,6,223.0,44.6,9.0,0,23700,Loan App Fraud,27750.23,False,26.950612,75.799996,Jaipur,,222.64809,5.0,188,"Urgency influenced by: hop count (6 hops), slower hop timing (avg 44.6 min between hops)"
CMP00632,6,180.0,36.0,2.0,1,201800,OTP Fraud,14969.2,False,18.470918,73.875398,Pune,,183.59845,5.0,189,"Urgency influenced by: hop count (6 hops), fast hop timing (avg 36.0 min between hops)"
CMP00635,7,257.0,42.83,9.0,1,23300,Investment Fraud,11997.2,False,26.840087,80.896103,Lucknow,,257.8831,5.0,190,"Urgency influenced by: hop count (7 hops), longer minimum transfer gap (9.0 min)"
CMP00641,6,253.0,50.6,19.0,1,41300,Investment Fraud,16442.7,False,28.639714,77.237168,Delhi,,250.40819,5.0,191,"Urgency influenced by: hop count (6 hops), slower hop timing (avg 50.6 min between hops)"
CMP00644,7,353.0,58.83,16.0,0,15300,OTP Fraud,8875.3,False,22.573623,88.338845,Kolkata,,337.98337,5.0,192,"Urgency influenced by: hop count (7 hops), slower hop timing (avg 58.8 min between hops)"
CMP00648,6,190.0,38.0,3.0,0,52500,Loan App Fraud,8778.62,False,19.075518,72.871128,Mumbai,,196.22597,5.0,193,"Urgency influenced by: hop count (6 hops), fast hop timing (avg 38.0 min between hops)"
CMP00651,6,100.0,20.0,2.0,0,264800,Digital Arrest Scam,41182.87,False,22.55966,88.369495,Kolkata,,106.052795,5.0,194,"High urgency driven by: fast hop timing (avg 20.0 min between hops), hop count (6 hops)"
CMP00653,2,70.0,70.0,70.0,1,43800,OTP Fraud,8814.13,False,26.929222,75.802095,Jaipur,,69.53999,5.0,195,"High urgency driven by: many hops completed (2 hops), slower hop timing (avg 70.0 min between hops)"
CMP00654,3,119.0,59.5,56.0,1,21500,Digital Arrest Scam,21301.48,False,28.638858,77.198209,Delhi,,118.75484,5.0,196,"High urgency driven by: many hops completed (3 hops), slower hop timing (avg 59.5 min between hops)"
CMP00661,7,349.0,58.17,37.0,0,33800,Digital Arrest Scam,40430.77,False,23.057054,72.587618,Ahmedabad,,348.45532,5.0,197,"Urgency influenced by: hop count (7 hops), slower hop timing (avg 58.2 min between hops)"
CMP00662,5,139.0,34.75,10.0,0,34600,Loan App Fraud,42333.92,False,12.937989,77.571634,Bengaluru,,138.1022,5.0,198,"High urgency driven by: fast hop timing (avg 34.8 min between hops), hop count (5 hops)"
CMP00665,6,218.0,43.6,15.0,1,30000,OTP Fraud,14678.22,False,12.998745,77.59705,Bengaluru,,219.10562,5.0,199,"Urgency influenced by: hop count (6 hops), slower hop timing (avg 43.6 min between hops)"
CMP00666,2,80.0,80.0,80.0,0,60200,Investment Fraud,2181.78,False,26.859,80.933049,Lucknow,,82.03474,5.0,200,"High urgency driven by: many hops completed (2 hops), slower hop timing (avg 80.0 min between hops)"
CMP00669,5,202.0,50.5,6.0,1,15000,UPI Fraud,31667.67,False,26.796857,80.955551,Lucknow,,204.07625,5.0,201,"Urgency influenced by: hop count (5 hops), slower hop timing (avg 50.5 min between hops)"
CMP00671,5,170.0,42.5,16.0,1,158600,Investment Fraud,33826.25,False,25.559361,85.096465,Patna,,178.36487,5.0,202,"Urgency influenced by: hop count (5 hops), very fast transfer (minimum gap 16.0 min)"
CMP00672,3,126.0,63.0,58.0,0,15000,OTP Fraud,23821.83,False,17.404857,78.455343,Hyderabad,,123.5492,5.0,203,"High urgency driven by: many hops completed (3 hops), slower hop timing (avg 63.0 min between hops)"
CMP00674,2,45.0,45.0,45.0,0,40100,Digital Arrest Scam,28027.95,False,26.896312,75.810496,Jaipur,,45.263252,5.0,204,"High urgency driven by: many hops completed (2 hops), very fast transfer (minimum gap 45.0 min)"
CMP00676,4,131.0,43.67,39.0,0,28400,Digital Arrest Scam,22315.47,False,19.04944,72.888408,Mumbai,,135.35944,5.0,205,"High urgency driven by: many hops completed (4 hops), longer minimum transfer gap (39.0 min)"
CMP00690,5,131.0,32.75,15.0,1,80200,OTP Fraud,20028.9,False,23.035328,72.564911,Ahmedabad,,140.32678,5.0,206,"High urgency driven by: fast hop timing (avg 32.8 min between hops), hop count (5 hops)"
CMP00693,6,238.0,47.6,13.0,1,21900,UPI Fraud,25514.52,False,28.652453,77.259152,Delhi,,233.29073,5.0,207,"Urgency influenced by: hop count (6 hops), slower hop timing (avg 47.6 min between hops)"
CMP00695,3,127.0,63.5,56.0,1,91100,Loan App Fraud,13645.03,False,23.021128,72.578539,Ahmedabad,,125.34446,5.0,208,"High urgency driven by: many hops completed (3 hops), slower hop timing (avg 63.5 min between hops)"
CMP00700,5,190.0,47.5,32.0,0,47000,Loan App Fraud,27484.5,False,19.070469,72.87078,Mumbai,,204.51418,5.0,209,"Urgency influenced by: hop count (5 hops), slower hop timing (avg 47.5 min between hops)"
CMP00703,5,136.0,34.0,19.0,1,30200,OTP Fraud,28089.63,False,26.94241,75.770878,Jaipur,,140.85284,5.0,210,"High urgency driven by: fast hop timing (avg 34.0 min between hops), hop count (5 hops)"
CMP00704,7,324.0,54.0,26.0,0,16600,UPI Fraud,3039.58,False,28.629068,77.20442,Delhi,,338.84503,5.0,211,"Urgency influenced by: hop count (7 hops), slower hop timing (avg 54.0 min between hops)"
CMP00707,3,82.0,41.0,10.0,0,18500,Digital Arrest Scam,36131.1,False,23.021327,72.583326,Ahmedabad,,85.83196,5.0,212,"High urgency driven by: many hops completed (3 hops), fast hop timing (avg 41.0 min between hops)"
CMP00708,2,12.0,12.0,12.0,1,244400,Loan App Fraud,43011.22,False,25.600776,85.159841,Patna,,12.834306,5.0,213,"High urgency driven by: many hops completed (2 hops), fast hop timing (avg 12.0 min between hops)"
CMP00709,2,86.0,86.0,86.0,0,15000,OTP Fraud,27573.15,False,12.979285,77.614993,Bengaluru,,86.83683,5.0,214,"High urgency driven by: many hops completed (2 hops), slower hop timing (avg 86.0 min between hops)"
CMP00710,2,53.0,53.0,53.0,0,232600,Loan App Fraud,41605.0,False,18.506594,73.872523,Pune,,55.84066,5.0,215,"High urgency driven by: many hops completed (2 hops), slower hop timing (avg 53.0 min between hops)"
CMP00713,4,69.0,23.0,17.0,1,34600,Loan App Fraud,1239.65,False,28.641835,77.245212,Delhi,,73.58746,5.0,216,"High urgency driven by: fast hop timing (avg 23.0 min between hops), many hops completed (4 hops)"
CMP00714,4,100.0,33.33,8.0,0,77200,Investment Fraud,7694.55,False,26.872208,75.791919,Jaipur,,101.668304,5.0,217,"High urgency driven by: fast hop timing (avg 33.3 min between hops), many hops completed (4 hops)"
CMP00720,3,146.0,73.0,66.0,0,52400,Digital Arrest Scam,10372.92,False,26.843214,80.934945,Lucknow,,146.62083,5.0,218,"High urgency driven by: many hops completed (3 hops), slower hop timing (avg 73.0 min between hops)"
CMP00721,4,55.0,18.33,15.0,1,71400,UPI Fraud,40143.2,False,19.102841,72.852037,Mumbai,,58.03618,5.0,219,"High urgency driven by: fast hop timing (avg 18.3 min between hops), many hops completed (4 hops)"
CMP00723,2,84.0,84.0,84.0,1,17500,Digital Arrest Scam,29383.5,False,25.580444,85.147395,Patna,,82.01167,5.0,220,"High urgency driven by: many hops completed (2 hops), slower hop timing (avg 84.0 min between hops)"
CMP00727,6,353.0,70.6,56.0,0,55900,Loan App Fraud,38986.47,False,17.378969,78.495501,Hyderabad,,312.2232,5.0,221,"Urgency influenced by: slower hop timing (avg 70.6 min between hops), hop count (6 hops)"
CMP00730,5,178.0,44.5,17.0,1,28400,OTP Fraud,23943.03,False,18.538821,73.849667,Pune,,180.07866,5.0,222,"Urgency influenced by: hop count (5 hops), slower hop timing (avg 44.5 min between hops)"
CMP00732,3,82.0,41.0,11.0,0,23900,Digital Arrest Scam,13521.88,False,25.608939,85.06409,Patna,,87.62564,5.0,223,"High urgency driven by: many hops completed (3 hops), fast hop timing (avg 41.0 min between hops)"
CMP00734,4,146.0,48.67,28.0,1,15000,Loan App Fraud,20800.4,False,26.861367,80.934327,Lucknow,,144.46391,5.0,224,"High urgency driven by: many hops completed (4 hops), slower hop timing (avg 48.7 min between hops)"
CMP00735,4,133.0,44.33,29.0,1,131900,Loan App Fraud,34193.43,False,26.887615,75.733465,Jaipur,,134.31389,5.0,225,"High urgency driven by: many hops completed (4 hops), slower hop timing (avg 44.3 min between hops)"
CMP00739,2,64.0,64.0,64.0,1,226600,Digital Arrest Scam,24258.3,False,26.89045,75.766628,Jaipur,,65.91529,5.0,226,"High urgency driven by: many hops completed (2 hops), slower hop timing (avg 64.0 min between hops)"
CMP00740,2,7.0,7.0,7.0,1,130300,Loan App Fraud,3096.3,False,28.630548,77.21954,Delhi,,8.0932255,5.0,227,"High urgency driven by: many hops completed (2 hops), fast hop timing (avg 7.0 min between hops)"
CMP00743,2,87.0,87.0,87.0,1,32300,Loan App Fraud,37756.97,False,26.911791,75.840857,Jaipur,,85.860695,5.0,228,"High urgency driven by: many hops completed (2 hops), slower hop timing (avg 87.0 min between hops)"
CMP00747,4,115.0,38.33,14.0,0,64500,Digital Arrest Scam,15824.23,False,22.57194,88.370904,Kolkata,,118.98694,5.0,229,"High urgency driven by: many hops completed (4 hops), fast hop timing (avg 38.3 min between hops)"
CMP00756,5,199.0,49.75,16.0,0,500000,UPI Fraud,12269.17,False,26.829821,80.942587,Lucknow,,196.01797,5.0,230,"Urgency influenced by: hop count (5 hops), slower hop timing (avg 49.8 min between hops)"
CMP00757,5,286.0,71.5,36.0,1,83700,Digital Arrest Scam,34490.48,False,19.116343,72.889038,Mumbai,,266.18802,5.0,231,"Urgency influenced by: slower hop timing (avg 71.5 min between hops), hop count (5 hops)"
CMP00759,5,93.0,23.25,13.0,1,26500,OTP Fraud,39755.05,False,22.55872,88.410929,Kolkata,,104.733765,5.0,232,"High urgency driven by: fast hop timing (avg 23.2 min between hops), hop count (5 hops)"
CMP00762,6,211.0,42.2,2.0,0,61000,OTP Fraud,9359.9,False,25.572358,85.165736,Patna,,221.6495,5.0,233,"Urgency influenced by: hop count (6 hops), longer minimum transfer gap (2.0 min)"
CMP00763,7,282.0,47.0,20.0,0,484600,Digital Arrest Scam,18982.33,False,25.590664,85.161422,Patna,,275.71732,5.0,234,"Urgency influenced by: hop count (7 hops), slower hop timing (avg 47.0 min between hops)"
CMP00764,3,85.0,42.5,11.0,0,50700,Digital Arrest Scam,23236.13,False,19.098078,72.875754,Mumbai,,90.826675,5.0,235,"High urgency driven by: many hops completed (3 hops), slower hop timing (avg 42.5 min between hops)"
CMP00765,6,310.0,62.0,26.0,0,146100,Digital Arrest Scam,17846.77,False,25.634406,85.160021,Patna,,302.3781,5.0,236,"Urgency influenced by: hop count (6 hops), slower hop timing (avg 62.0 min between hops)"
CMP00766,7,261.0,43.5,22.0,0,30300,Loan App Fraud,23471.48,False,28.618914,77.237716,Delhi,,254.9294,5.0,237,"Urgency influenced by: hop count (7 hops), fraud amount (₹30,300)"
CMP00769,5,112.0,28.0,4.0,1,32300,UPI Fraud,23014.38,False,26.935381,75.770596,Jaipur,,117.80191,5.0,238,"High urgency driven by: fast hop timing (avg 28.0 min between hops), hop count (5 hops)"
CMP00776,4,143.0,47.67,22.0,1,15000,Digital Arrest Scam,25201.15,False,23.013195,72.598619,Ahmedabad,,144.21632,5.0,239,"High urgency driven by: many hops completed (4 hops), slower hop timing (avg 47.7 min between hops)"
CMP00779,6,247.0,49.4,8.0,0,51600,UPI Fraud,21671.58,False,22.547436,88.392397,Kolkata,,242.66934,5.0,240,"Urgency influenced by: hop count (6 hops), slower hop timing (avg 49.4 min between hops)"
CMP00784,2,33.0,33.0,33.0,0,92400,OTP Fraud,33036.92,False,22.573822,88.364915,Kolkata,,32.44422,5.0,241,"High urgency driven by: many hops completed (2 hops), fast hop timing (avg 33.0 min between hops)"
CMP00792,7,339.0,56.5,25.0,1,65600,Digital Arrest Scam,7919.4,False,22.990996,72.555991,Ahmedabad,,349.60596,5.0,242,"Urgency influenced by: hop count (7 hops), slower hop timing (avg 56.5 min between hops)"
CMP00795,7,210.0,35.0,17.0,1,21900,OTP Fraud,9225.22,False,26.824184,80.96216,Lucknow,,204.07841,5.0,243,"Urgency influenced by: hop count (7 hops), fast hop timing (avg 35.0 min between hops)"
CMP00796,5,114.0,28.5,7.0,0,134600,OTP Fraud,32009.17,False,26.837222,80.94111,Lucknow,,116.6703,5.0,244,"High urgency driven by: fast hop timing (avg 28.5 min between hops), hop count (5 hops)"
CMP00797,7,244.0,40.67,3.0,0,53200,Investment Fraud,39007.4,False,28.611846,77.236932,Delhi,,234.41791,5.0,245,"Urgency influenced by: hop count (7 hops), fast hop timing (avg 40.7 min between hops)"
CMP00799,3,25.0,12.5,7.0,0,56300,Digital Arrest Scam,363.43,False,18.497354,73.831601,Pune,,24.003576,5.0,246,"High urgency driven by: fast hop timing (avg 12.5 min between hops), many hops completed (3 hops)"
