complaint_id,hop_count,total_elapsed_minutes,avg_minutes_between_hops,min_minutes_between_hops,city_changed,fraud_amount,crime_type,minutes_since_last_hop,was_cash_withdrawn,final_hop_lat,final_hop_lon,final_hop_city
CMP00001,6,198.0,39.6,3.0,False,83900,Loan App Fraud,1704.02,True,19.093089,72.843551,Mumbai
CMP00002,4,218.0,72.67,59.0,True,48900,Digital Arrest Scam,15561.2,True,26.90149,75.78456,Jaipur
CMP00003,3,94.0,47.0,16.0,True,95400,UPI Fraud,38216.53,False,26.947384,75.810416,Jaipur
CMP00004,5,108.0,27.0,10.0,True,200700,UPI Fraud,29584.12,False,22.596339,88.326778,Kolkata
CMP00005,3,79.0,39.5,22.0,True,45100,Digital Arrest Scam,6640.42,True,26.868758,80.934898,Lucknow
CMP00006,3,134.0,67.0,61.0,True,45100,OTP Fraud,35345.53,True,19.07976,72.886824,Mumbai
CMP00007,7,152.0,25.33,12.0,False,210500,Digital Arrest Scam,39247.52,True,28.61276,77.215083,Delhi
CMP00008,2,43.0,43.0,43.0,True,105600,Digital Arrest Scam,29430.2,True,26.883147,75.74225,Jaipur
CMP00009,7,318.0,53.0,13.0,False,36900,Loan App Fraud,41042.3,True,25.559617,85.119327,Patna
CMP00010,6,280.0,56.0,18.0,True,87200,Investment Fraud,11045.63,True,25.593461,85.093373,Patna
CMP00011,4,158.0,52.67,35.0,True,37100,Digital Arrest Scam,19401.25,False,28.587558,77.182305,Delhi
CMP00012,4,83.0,27.67,5.0,False,37000,UPI Fraud,23636.3,False,17.359604,78.488242,Hyderabad
CMP00013,7,325.0,54.17,14.0,False,67600,UPI Fraud,26407.48,True,19.094834,72.887229,Mumbai
CMP00014,2,23.0,23.0,23.0,False,15000,OTP Fraud,24220.88,True,26.949717,75.780522,Jaipur
CMP00015,5,208.0,52.0,8.0,True,15000,Investment Fraud,3014.05,True,23.014483,72.61628,Ahmedabad
CMP00016,3,159.0,79.5,75.0,False,34100,Investment Fraud,8716.62,True,22.573162,88.377578,Kolkata
CMP00017,7,309.0,51.5,7.0,True,23300,Loan App Fraud,38475.08,True,25.588576,85.138272,Patna
CMP00018,4,120.0,40.0,30.0,False,71800,OTP Fraud,25313.77,False,23.020433,72.568356,Ahmedabad
CMP00019,2,27.0,27.0,27.0,True,25400,UPI Fraud,4996.9,True,19.098172,72.867181,Mumbai
CMP00020,7,260.0,43.33,4.0,False,16600,UPI Fraud,20179.33,True,17.400868,78.514442,Hyderabad
CMP00021,2,32.0,32.0,32.0,False,191200,Investment Fraud,7235.15,True,17.389743,78.47015,Hyderabad
CMP00022,4,136.0,45.33,3.0,False,45400,Loan App Fraud,31700.32,True,18.551092,73.826459,Pune
CMP00023,3,95.0,47.5,5.0,True,58200,Loan App Fraud,25919.17,True,22.615774,88.353909,Kolkata
CMP00024,2,12.0,12.0,12.0,False,16400,UPI Fraud,18864.75,False,17.369706,78.485774,Hyderabad
CMP00025,2,51.0,51.0,51.0,False,34600,OTP Fraud,12047.1,True,23.023998,72.578334,Ahmedabad
CMP00026,5,219.0,54.75,27.0,False,60400,Investment Fraud,11417.3,True,17.390241,78.474409,Hyderabad
CMP00027,7,247.0,41.17,9.0,True,20700,OTP Fraud,18819.37,False,23.02558,72.585187,Ahmedabad
CMP00028,7,258.0,43.0,12.0,False,75700,UPI Fraud,22617.65,True,17.397118,78.465541,Hyderabad
CMP00029,3,85.0,42.5,33.0,True,33000,Loan App Fraud,2335.62,True,22.585117,88.365144,Kolkata
CMP00030,2,67.0,67.0,67.0,True,42900,UPI Fraud,18801.08,True,23.006934,72.576265,Ahmedabad
CMP00031,6,151.0,30.2,5.0,True,33000,Loan App Fraud,39658.4,True,18.5314,73.844149,Pune
CMP00032,2,73.0,73.0,73.0,True,265500,Investment Fraud,34994.43,True,26.928368,75.758725,Jaipur
CMP00033,5,233.0,58.25,51.0,False,54400,Loan App Fraud,9908.08,True,25.580337,85.107082,Patna
CMP00034,4,168.0,56.0,30.0,False,22400,OTP Fraud,17241.15,True,12.943007,77.597314,Bengaluru
CMP00035,4,154.0,51.33,16.0,False,110700,OTP Fraud,18387.62,True,22.55489,88.326057,Kolkata
CMP00036,6,200.0,40.0,13.0,False,19500,Investment Fraud,40802.55,True,26.861298,80.937218,Lucknow
CMP00037,2,53.0,53.0,53.0,True,65700,Digital Arrest Scam,15428.27,True,18.549728,73.865941,Pune
CMP00038,7,237.0,39.5,13.0,True,15000,UPI Fraud,34462.9,True,18.512961,73.891093,Pune
CMP00039,4,193.0,64.33,39.0,False,17800,Digital Arrest Scam,7669.67,False,28.593021,77.261238,Delhi
CMP00040,2,33.0,33.0,33.0,True,65000,OTP Fraud,29608.77,True,23.033423,72.601166,Ahmedabad
CMP00041,6,210.0,42.0,4.0,True,103000,Investment Fraud,26864.83,False,26.858974,80.964572,Lucknow
CMP00042,5,226.0,56.5,15.0,False,63600,OTP Fraud,32666.7,True,23.00454,72.593773,Ahmedabad
CMP00043,5,110.0,27.5,3.0,True,49900,UPI Fraud,38693.93,True,22.57251,88.334941,Kolkata
CMP00044,2,69.0,69.0,69.0,True,42600,Loan App Fraud,37624.58,True,26.84765,80.949201,Lucknow
CMP00045,4,144.0,48.0,14.0,True,15700,Loan App Fraud,7797.7,True,18.545083,73.854801,Pune
CMP00046,3,71.0,35.5,2.0,True,29800,Investment Fraud,11188.67,True,25.580998,85.141409,Patna
CMP00047,6,224.0,44.8,11.0,False,37200,OTP Fraud,18337.87,True,28.66143,77.207483,Delhi
CMP00048,4,126.0,42.0,24.0,False,135100,UPI Fraud,35573.17,True,13.023809,77.59111,Bengaluru
CMP00049,2,17.0,17.0,17.0,True,73700,OTP Fraud,35605.85,True,22.600305,88.337902,Kolkata
CMP00050,4,96.0,32.0,5.0,True,15000,Loan App Fraud,10720.88,True,22.96153,72.568043,Ahmedabad
CMP00051,6,162.0,32.4,12.0,True,72400,OTP Fraud,37676.97,False,28.626971,77.194657,Delhi
CMP00052,6,151.0,30.2,6.0,False,39600,Loan App Fraud,41908.9,False,28.638508,77.20365,Delhi
CMP00053,7,312.0,52.0,7.0,False,30900,UPI Fraud,1259.17,True,25.580705,85.094916,Patna
CMP00054,2,78.0,78.0,78.0,False,92500,Digital Arrest Scam,21604.43,True,26.902606,75.76424,Jaipur
CMP00055,2,84.0,84.0,84.0,False,132100,OTP Fraud,16954.78,True,28.638915,77.192234,Delhi
CMP00056,5,130.0,32.5,24.0,False,121400,Investment Fraud,6068.25,True,19.094605,72.873169,Mumbai
CMP00057,6,203.0,40.6,15.0,False,27000,Digital Arrest Scam,37214.5,True,19.045356,72.841091,Mumbai
CMP00058,5,128.0,32.0,4.0,False,42300,OTP Fraud,33302.28,True,12.985351,77.570391,Bengaluru
CMP00059,4,182.0,60.67,45.0,True,72900,OTP Fraud,18517.45,False,22.975621,72.574276,Ahmedabad
CMP00060,6,223.0,44.6,28.0,True,126000,Digital Arrest Scam,29555.13,True,19.060665,72.870138,Mumbai
CMP00061,4,118.0,39.33,19.0,False,36600,Loan App Fraud,14151.12,False,22.528274,88.395448,Kolkata
CMP00062,4,96.0,32.0,26.0,False,47000,Investment Fraud,26159.63,True,26.84335,80.946567,Lucknow
CMP00063,6,216.0,43.2,2.0,True,21500,UPI Fraud,31523.82,True,13.013414,77.605075,Bengaluru
CMP00064,3,24.0,12.0,9.0,True,19900,UPI Fraud,15847.12,True,18.50016,73.867302,Pune
CMP00065,5,179.0,44.75,31.0,True,109700,OTP Fraud,1461.05,False,22.534541,88.391717,Kolkata
CMP00066,5,146.0,36.5,5.0,True,174200,OTP Fraud,16112.83,True,19.100121,72.91809,Mumbai
CMP00067,2,65.0,65.0,65.0,True,51700,UPI Fraud,647.32,True,18.542655,73.882581,Pune
CMP00068,5,182.0,45.5,38.0,False,129100,UPI Fraud,16010.83,False,28.583041,77.194188,Delhi
CMP00069,4,150.0,50.0,34.0,True,74800,UPI Fraud,23079.27,True,26.842188,81.026028,Lucknow
CMP00070,3,140.0,70.0,65.0,False,31800,Loan App Fraud,16675.37,True,22.592437,88.320187,Kolkata
CMP00071,5,109.0,27.25,3.0,False,74800,OTP Fraud,15021.88,True,25.567281,85.143581,Patna
CMP00072,6,302.0,60.4,27.0,False,203300,OTP Fraud,39769.45,False,13.001476,77.55652,Bengaluru
CMP00073,6,291.0,58.2,19.0,False,53400,Investment Fraud,16869.38,True,25.625743,85.115946,Patna
CMP00074,6,210.0,42.0,5.0,True,207900,UPI Fraud,13295.27,False,17.360709,78.45221,Hyderabad
CMP00075,2,31.0,31.0,31.0,False,15000,Loan App Fraud,30254.3,True,19.049372,72.870069,Mumbai
CMP00076,4,127.0,42.33,15.0,False,110600,Investment Fraud,28758.77,True,26.835618,80.92408,Lucknow
CMP00077,7,293.0,48.83,38.0,True,59200,UPI Fraud,6717.55,True,26.888489,75.79911,Jaipur
CMP00078,6,144.0,28.8,12.0,True,42700,UPI Fraud,23771.62,False,18.532061,73.855809,Pune
CMP00079,4,160.0,53.33,30.0,False,59500,Digital Arrest Scam,13445.77,True,17.384532,78.476987,Hyderabad
CMP00080,7,225.0,37.5,13.0,True,15000,Digital Arrest Scam,31350.0,False,26.828312,80.977102,Lucknow
CMP00081,5,128.0,32.0,18.0,True,45600,Loan App Fraud,12858.38,True,23.04251,72.590257,Ahmedabad
CMP00082,7,336.0,56.0,5.0,True,74500,UPI Fraud,17281.38,True,26.850916,80.957249,Lucknow
CMP00083,7,336.0,56.0,11.0,True,193200,UPI Fraud,38345.17,False,23.016321,72.55435,Ahmedabad
CMP00084,6,152.0,30.4,5.0,False,35400,UPI Fraud,37806.48,True,28.597615,77.196903,Delhi
CMP00085,2,16.0,16.0,16.0,True,27700,Digital Arrest Scam,16690.77,False,26.819426,80.93593,Lucknow
CMP00086,5,258.0,64.5,55.0,True,35900,Investment Fraud,33854.42,False,22.510115,88.421174,Kolkata
CMP00087,4,139.0,46.33,8.0,True,119800,UPI Fraud,28059.38,True,25.567927,85.151016,Patna
CMP00088,4,108.0,36.0,3.0,False,72700,UPI Fraud,26533.78,True,12.968139,77.563993,Bengaluru
CMP00089,3,77.0,38.5,25.0,False,35100,Investment Fraud,18627.68,True,26.83897,80.927396,Lucknow
CMP00090,2,14.0,14.0,14.0,True,85100,OTP Fraud,29756.0,True,12.961896,77.59886,Bengaluru
CMP00091,6,267.0,53.4,29.0,True,59700,Digital Arrest Scam,10693.72,False,18.486753,73.836219,Pune
CMP00092,3,90.0,45.0,37.0,True,125300,UPI Fraud,15315.03,True,22.588551,88.376421,Kolkata
CMP00093,7,200.0,33.33,15.0,True,30300,UPI Fraud,37836.83,True,28.657299,77.213948,Delhi
CMP00094,3,163.0,81.5,73.0,True,41600,UPI Fraud,4050.78,False,19.092658,72.889265,Mumbai
CMP00095,2,12.0,12.0,12.0,True,39400,OTP Fraud,33500.57,True,26.887659,75.810819,Jaipur
CMP00096,4,110.0,36.67,5.0,True,15900,UPI Fraud,11089.98,True,26.838503,80.95008,Lucknow
CMP00097,4,174.0,58.0,37.0,False,70700,Digital Arrest Scam,5565.83,False,22.562424,88.381058,Kolkata
CMP00098,7,285.0,47.5,3.0,False,68700,UPI Fraud,41473.62,True,19.111513,72.863431,Mumbai
CMP00099,7,241.0,40.17,2.0,False,55200,UPI Fraud,28159.6,False,17.375867,78.491317,Hyderabad
CMP00100,6,177.0,35.4,13.0,False,45100,OTP Fraud,17211.35,True,23.021669,72.566197,Ahmedabad
CMP00101,2,32.0,32.0,32.0,False,16500,OTP Fraud,2936.78,True,23.033944,72.613262,Ahmedabad
CMP00102,5,192.0,48.0,6.0,True,38500,OTP Fraud,29291.58,False,28.627437,77.227979,Delhi
CMP00103,2,14.0,14.0,14.0,True,41100,Loan App Fraud,36712.8,True,26.911761,75.816618,Jaipur
CMP00104,3,115.0,57.5,57.0,True,27800,Loan App Fraud,14381.4,True,25.609639,85.12836,Patna
CMP00105,2,48.0,48.0,48.0,True,48000,Investment Fraud,18653.45,True,26.874782,75.806301,Jaipur
CMP00106,6,209.0,41.8,24.0,False,77500,Investment Fraud,20946.95,True,12.942124,77.624292,Bengaluru
CMP00107,3,40.0,20.0,3.0,True,273300,UPI Fraud,5166.77,True,25.590911,85.175379,Patna
CMP00108,4,151.0,50.33,23.0,False,63800,UPI Fraud,39343.75,True,25.562092,85.159411,Patna
CMP00109,5,202.0,50.5,39.0,True,68500,Digital Arrest Scam,37577.02,True,18.563589,73.867608,Pune
CMP00110,7,314.0,52.33,12.0,True,51600,Digital Arrest Scam,18442.5,True,28.621879,77.242511,Delhi
CMP00111,6,242.0,48.4,14.0,True,15000,Digital Arrest Scam,4779.5,True,18.531318,73.866807,Pune
CMP00112,2,15.0,15.0,15.0,False,53800,Digital Arrest Scam,20046.7,True,26.899001,75.807501,Jaipur
CMP00113,4,107.0,35.67,9.0,True,57900,Loan App Fraud,37997.33,True,17.411239,78.473319,Hyderabad
CMP00114,3,108.0,54.0,46.0,True,446300,UPI Fraud,37000.28,True,13.013698,77.583128,Bengaluru
CMP00115,7,380.0,63.33,41.0,True,46700,UPI Fraud,20747.73,True,17.392082,78.480227,Hyderabad
CMP00116,6,261.0,52.2,9.0,True,71100,UPI Fraud,18428.15,True,26.838724,80.926299,Lucknow
CMP00117,3,115.0,57.5,31.0,False,53400,Digital Arrest Scam,38755.78,False,19.113585,72.899634,Mumbai
CMP00118,2,76.0,76.0,76.0,False,20400,OTP Fraud,19780.83,True,18.514813,73.847967,Pune
CMP00119,7,328.0,54.67,3.0,True,145300,Digital Arrest Scam,23848.72,True,22.511994,88.386001,Kolkata
CMP00120,6,243.0,48.6,14.0,True,104200,Investment Fraud,35280.3,False,19.097752,72.890092,Mumbai
CMP00121,3,128.0,64.0,54.0,True,107700,UPI Fraud,3611.75,False,12.98206,77.62964,Bengaluru
CMP00122,4,115.0,38.33,16.0,False,25400,UPI Fraud,19374.98,True,26.844089,80.941979,Lucknow
CMP00123,4,86.0,28.67,3.0,True,181200,Digital Arrest Scam,23391.93,True,18.461327,73.831457,Pune
CMP00124,4,146.0,48.67,25.0,True,16700,Investment Fraud,11343.03,True,26.932578,75.762961,Jaipur
CMP00125,3,143.0,71.5,68.0,False,90600,OTP Fraud,29971.12,False,22.542358,88.378898,Kolkata
CMP00126,4,57.0,19.0,4.0,False,354000,UPI Fraud,7917.2,False,28.60805,77.220659,Delhi
CMP00127,7,318.0,53.0,13.0,True,23700,UPI Fraud,37959.17,True,22.558321,88.378215,Kolkata
CMP00128,4,168.0,56.0,36.0,True,34000,OTP Fraud,40723.02,False,28.634412,77.221682,Delhi
CMP00129,5,192.0,48.0,13.0,True,59900,Digital Arrest Scam,29981.92,True,17.383238,78.498863,Hyderabad
CMP00130,6,227.0,45.4,20.0,True,35900,Loan App Fraud,21477.47,False,22.547617,88.351281,Kolkata
CMP00131,7,316.0,52.67,28.0,True,15000,Digital Arrest Scam,24893.32,False,17.372779,78.45871,Hyderabad
CMP00132,4,42.0,14.0,4.0,True,58300,Loan App Fraud,7333.43,True,28.603169,77.223714,Delhi
CMP00133,7,180.0,30.0,2.0,False,22300,OTP Fraud,28439.48,True,22.605144,88.402938,Kolkata
CMP00134,3,79.0,39.5,10.0,True,82300,Digital Arrest Scam,16630.78,True,19.108609,72.836138,Mumbai
CMP00135,2,4.0,4.0,4.0,False,25200,UPI Fraud,29026.12,False,13.001514,77.590637,Bengaluru
CMP00136,7,238.0,39.67,10.0,True,205400,Investment Fraud,23200.08,True,28.616967,77.249617,Delhi
CMP00137,2,9.0,9.0,9.0,True,28300,Digital Arrest Scam,18771.72,True,28.603167,77.191689,Delhi
CMP00138,6,160.0,32.0,17.0,True,41800,UPI Fraud,26768.25,True,25.604092,85.121316,Patna
CMP00139,2,64.0,64.0,64.0,True,109800,Digital Arrest Scam,15650.88,True,18.51393,73.896666,Pune
CMP00140,5,104.0,26.0,4.0,False,19300,Loan App Fraud,24549.53,False,25.593412,85.181906,Patna
CMP00141,4,256.0,85.33,83.0,False,66700,UPI Fraud,15523.13,True,17.382791,78.47745,Hyderabad
CMP00142,3,28.0,14.0,10.0,True,167100,Loan App Fraud,28018.43,True,26.913825,75.794015,Jaipur
CMP00143,4,126.0,42.0,24.0,True,15000,Loan App Fraud,4933.5,True,17.319895,78.491674,Hyderabad
CMP00144,5,192.0,48.0,35.0,False,64300,Investment Fraud,35561.68,False,26.930591,75.788599,Jaipur
CMP00145,7,276.0,46.0,10.0,True,68600,UPI Fraud,23026.7,False,12.964305,77.55552,Bengaluru
CMP00146,6,268.0,53.6,4.0,True,106900,Digital Arrest Scam,18162.9,False,26.919078,75.800018,Jaipur
CMP00147,3,93.0,46.5,7.0,True,19200,UPI Fraud,18630.08,True,28.615961,77.172561,Delhi
CMP00148,5,292.0,73.0,65.0,True,17900,Investment Fraud,41589.0,False,28.598321,77.195113,Delhi
CMP00149,3,127.0,63.5,49.0,False,85700,Investment Fraud,22000.28,True,26.907721,75.811943,Jaipur
CMP00150,5,224.0,56.0,18.0,False,70800,UPI Fraud,35714.7,True,23.032048,72.582151,Ahmedabad
CMP00151,5,237.0,59.25,18.0,False,68100,Digital Arrest Scam,40242.07,True,26.812704,80.964856,Lucknow
CMP00152,5,212.0,53.0,6.0,False,73800,Investment Fraud,3067.48,True,18.533763,73.878891,Pune
CMP00153,7,293.0,48.83,4.0,True,30900,OTP Fraud,36236.7,True,12.962539,77.566608,Bengaluru
CMP00154,7,312.0,52.0,27.0,False,67000,Investment Fraud,25319.57,False,17.410602,78.501513,Hyderabad
CMP00155,2,82.0,82.0,82.0,False,70600,OTP Fraud,23160.3,True,19.083469,72.858905,Mumbai
CMP00156,4,152.0,50.67,16.0,False,30000,Loan App Fraud,8696.58,False,26.930285,75.805255,Jaipur
CMP00157,2,40.0,40.0,40.0,False,268600,Investment Fraud,21763.2,False,22.519554,88.348704,Kolkata
CMP00158,2,39.0,39.0,39.0,False,82300,Loan App Fraud,28274.47,False,26.878722,75.76301,Jaipur
CMP00159,2,85.0,85.0,85.0,False,20000,Digital Arrest Scam,9020.7,False,22.591121,88.35107,Kolkata
CMP00160,5,122.0,30.5,18.0,True,96100,Digital Arrest Scam,26543.82,True,23.054744,72.58823,Ahmedabad
CMP00161,3,39.0,19.5,18.0,False,24000,Loan App Fraud,39896.98,True,23.061638,72.569756,Ahmedabad
CMP00162,3,29.0,14.5,12.0,True,107400,UPI Fraud,38430.23,True,17.429942,78.502721,Hyderabad
CMP00163,5,178.0,44.5,16.0,False,147300,Digital Arrest Scam,20068.37,False,18.538136,73.845813,Pune
CMP00164,3,121.0,60.5,35.0,True,27400,OTP Fraud,40574.52,False,25.589922,85.141268,Patna
CMP00165,5,137.0,34.25,12.0,False,124700,Investment Fraud,32528.67,True,26.88271,75.795046,Jaipur
CMP00166,4,129.0,43.0,2.0,True,78100,OTP Fraud,14963.45,False,26.939924,75.836259,Jaipur
CMP00167,3,61.0,30.5,24.0,True,110600,UPI Fraud,11945.93,True,19.110016,72.844979,Mumbai
CMP00168,2,2.0,2.0,2.0,False,275800,OTP Fraud,36168.35,False,18.522321,73.824625,Pune
CMP00169,3,79.0,39.5,9.0,True,44600,Digital Arrest Scam,6662.88,True,17.373249,78.493347,Hyderabad
CMP00170,3,64.0,32.0,16.0,True,29000,Digital Arrest Scam,15851.17,True,28.602054,77.208639,Delhi
CMP00171,5,271.0,67.75,52.0,True,25800,UPI Fraud,1634.1,True,26.876999,80.952731,Lucknow
CMP00172,4,178.0,59.33,20.0,True,27500,OTP Fraud,33182.08,False,28.616534,77.175649,Delhi
CMP00173,3,78.0,39.0,10.0,True,51500,Investment Fraud,31949.53,False,28.597668,77.178401,Delhi
CMP00174,5,219.0,54.75,44.0,True,73500,Investment Fraud,13510.65,True,26.925428,75.80343,Jaipur
CMP00175,7,298.0,49.67,7.0,False,69600,Digital Arrest Scam,27819.4,False,25.627305,85.151506,Patna
CMP00176,5,207.0,51.75,22.0,True,111100,UPI Fraud,395.25,True,19.038587,72.861449,Mumbai
CMP00177,4,133.0,44.33,15.0,False,55600,Digital Arrest Scam,15301.75,False,26.816852,80.949774,Lucknow
CMP00178,7,273.0,45.5,12.0,True,189200,UPI Fraud,32342.03,False,28.629744,77.219345,Delhi
CMP00179,7,378.0,63.0,6.0,True,43900,UPI Fraud,17250.87,True,19.073535,72.878171,Mumbai
CMP00180,3,91.0,45.5,42.0,True,500000,Investment Fraud,9424.72,True,22.542865,88.404967,Kolkata
CMP00181,6,223.0,44.6,17.0,True,93600,OTP Fraud,38997.35,False,26.881112,75.823394,Jaipur
CMP00182,6,193.0,38.6,9.0,False,26500,OTP Fraud,30905.77,True,26.922114,75.849625,Jaipur
CMP00183,3,98.0,49.0,8.0,True,22100,OTP Fraud,29900.98,True,26.884969,80.976669,Lucknow
CMP00184,3,114.0,57.0,40.0,False,82900,Investment Fraud,11225.58,True,25.576732,85.127368,Patna
CMP00185,5,227.0,56.75,45.0,False,45500,Digital Arrest Scam,18106.45,False,25.582023,85.14127,Patna
CMP00186,5,115.0,28.75,9.0,True,100900,Investment Fraud,36460.13,True,25.622819,85.094107,Patna
CMP00187,2,53.0,53.0,53.0,True,82200,Investment Fraud,19290.4,False,28.546319,77.225947,Delhi
CMP00188,5,262.0,65.5,49.0,False,51700,Digital Arrest Scam,19910.48,True,19.09447,72.893084,Mumbai
CMP00189,5,214.0,53.5,22.0,True,26800,Loan App Fraud,23464.08,False,17.36431,78.488854,Hyderabad
CMP00190,5,165.0,41.25,22.0,False,15200,Digital Arrest Scam,5611.43,True,22.572957,88.340052,Kolkata
CMP00191,3,131.0,65.5,50.0,False,37600,Investment Fraud,16209.98,True,12.957546,77.589369,Bengaluru
CMP00192,3,141.0,70.5,51.0,False,113900,UPI Fraud,15014.03,True,12.908343,77.58745,Bengaluru
CMP00193,3,83.0,41.5,17.0,False,66000,Loan App Fraud,28593.9,True,26.900633,80.931057,Lucknow
CMP00194,6,209.0,41.8,8.0,False,19100,Investment Fraud,32500.12,False,22.555763,88.370875,Kolkata
CMP00195,7,207.0,34.5,2.0,False,63700,Investment Fraud,14393.42,False,28.620628,77.20042,Delhi
CMP00196,3,161.0,80.5,74.0,False,76300,UPI Fraud,40829.75,True,26.863747,80.992368,Lucknow
CMP00197,3,53.0,26.5,24.0,False,25900,Investment Fraud,26693.2,True,23.036638,72.527381,Ahmedabad
CMP00198,4,80.0,26.67,10.0,True,62700,Loan App Fraud,24663.37,False,26.92524,75.773982,Jaipur
CMP00199,7,258.0,43.0,13.0,False,57800,OTP Fraud,29188.35,True,26.832287,80.881424,Lucknow
CMP00200,7,331.0,55.17,26.0,True,20800,Digital Arrest Scam,42019.05,True,25.593233,85.143455,Patna
CMP00201,2,78.0,78.0,78.0,True,74500,Loan App Fraud,15409.33,False,22.590024,88.355555,Kolkata
CMP00202,6,230.0,46.0,5.0,True,88600,UPI Fraud,33934.48,True,23.047044,72.563279,Ahmedabad
CMP00203,6,288.0,57.6,42.0,False,138100,Investment Fraud,23410.8,True,26.851111,80.937024,Lucknow
CMP00204,7,153.0,25.5,3.0,False,134700,Digital Arrest Scam,32689.58,True,12.964226,77.625794,Bengaluru
CMP00205,3,79.0,39.5,25.0,False,17100,UPI Fraud,37441.58,True,23.032481,72.58758,Ahmedabad
CMP00206,4,134.0,44.67,29.0,True,24800,OTP Fraud,41444.95,True,23.029647,72.579761,Ahmedabad
CMP00207,6,195.0,39.0,9.0,True,85200,Investment Fraud,5863.0,False,19.058884,72.897466,Mumbai
CMP00208,3,107.0,53.5,28.0,True,85100,Digital Arrest Scam,32371.7,True,26.936497,75.842563,Jaipur
CMP00209,3,101.0,50.5,20.0,True,85200,Investment Fraud,18278.88,True,22.98297,72.593776,Ahmedabad
CMP00210,5,127.0,31.75,10.0,False,500000,Investment Fraud,14836.77,True,26.978509,75.749726,Jaipur
CMP00211,4,115.0,38.33,22.0,True,89400,Investment Fraud,23664.63,False,17.366635,78.466444,Hyderabad
CMP00212,4,146.0,48.67,36.0,False,144400,Loan App Fraud,29469.17,True,18.456552,73.880058,Pune
CMP00213,6,110.0,22.0,9.0,False,123700,UPI Fraud,32954.47,True,19.05845,72.861127,Mumbai
CMP00214,3,59.0,29.5,12.0,True,95700,Loan App Fraud,3762.68,True,25.596233,85.117393,Patna
CMP00215,4,161.0,53.67,31.0,True,42100,UPI Fraud,4816.42,False,26.877595,80.919424,Lucknow
CMP00216,6,324.0,64.8,25.0,True,104800,Digital Arrest Scam,17158.0,False,26.831389,80.955238,Lucknow
CMP00217,3,46.0,23.0,22.0,True,28500,Digital Arrest Scam,10740.93,True,26.882269,80.969355,Lucknow
CMP00218,6,141.0,28.2,3.0,False,45000,UPI Fraud,33170.97,False,12.971109,77.608412,Bengaluru
CMP00219,7,308.0,51.33,31.0,False,36400,Investment Fraud,15094.47,True,23.065813,72.627183,Ahmedabad
CMP00220,4,138.0,46.0,26.0,True,59000,Digital Arrest Scam,25855.28,False,22.984359,72.602965,Ahmedabad
CMP00221,3,84.0,42.0,40.0,False,393400,UPI Fraud,42545.32,True,23.011362,72.607735,Ahmedabad
CMP00222,4,74.0,24.67,5.0,False,15000,UPI Fraud,21815.83,False,12.975812,77.62754,Bengaluru
CMP00223,5,280.0,70.0,54.0,True,98600,Loan App Fraud,1712.7,False,18.546898,73.872125,Pune
CMP00224,2,14.0,14.0,14.0,True,15000,Investment Fraud,26430.5,False,26.832187,80.960914,Lucknow
CMP00225,6,201.0,40.2,7.0,False,36800,OTP Fraud,5248.18,True,17.42543,78.489309,Hyderabad
CMP00226,3,19.0,9.5,2.0,True,138800,Loan App Fraud,7238.07,True,18.480447,73.868254,Pune
CMP00227,6,118.0,23.6,9.0,True,58100,OTP Fraud,8558.0,True,18.51482,73.893947,Pune
CMP00228,4,94.0,31.33,6.0,True,22000,OTP Fraud,24352.95,True,26.82174,80.953745,Lucknow
CMP00229,3,87.0,43.5,20.0,True,29900,UPI Fraud,26014.42,True,25.571913,85.126664,Patna
CMP00230,5,258.0,64.5,20.0,False,98000,UPI Fraud,23743.43,False,22.574275,88.376798,Kolkata
CMP00231,5,168.0,42.0,13.0,False,29600,UPI Fraud,34254.22,False,26.886563,80.925026,Lucknow
CMP00232,5,110.0,27.5,2.0,False,66100,Investment Fraud,25343.42,True,26.86411,80.970083,Lucknow
CMP00233,6,237.0,47.4,12.0,False,57200,Digital Arrest Scam,30409.4,True,12.970974,77.615044,Bengaluru
CMP00234,5,264.0,66.0,29.0,False,31600,OTP Fraud,18745.77,False,22.626874,88.359503,Kolkata
CMP00235,3,64.0,32.0,24.0,False,340300,Investment Fraud,33873.57,True,22.598164,88.424894,Kolkata
CMP00236,7,232.0,38.67,11.0,False,94300,Loan App Fraud,41367.62,True,26.83138,80.936507,Lucknow
CMP00237,2,69.0,69.0,69.0,False,15000,UPI Fraud,17283.0,True,26.909187,75.740254,Jaipur
CMP00238,4,124.0,41.33,9.0,False,64400,Digital Arrest Scam,31554.98,True,18.502775,73.855306,Pune
CMP00239,7,317.0,52.83,3.0,False,31300,OTP Fraud,39704.02,False,25.580127,85.14703,Patna
CMP00240,3,147.0,73.5,57.0,False,113500,UPI Fraud,23520.47,False,26.85742,80.963528,Lucknow
CMP00241,7,183.0,30.5,9.0,True,28000,Digital Arrest Scam,22711.78,False,17.386696,78.508019,Hyderabad
CMP00242,6,233.0,46.6,6.0,True,49900,Loan App Fraud,14790.9,False,22.560967,88.361251,Kolkata
CMP00243,6,273.0,54.6,2.0,False,84500,Loan App Fraud,23658.05,True,18.481336,73.843474,Pune
CMP00244,6,264.0,52.8,23.0,False,114800,OTP Fraud,19178.22,False,22.999316,72.577359,Ahmedabad
CMP00245,7,294.0,49.0,6.0,False,19800,Digital Arrest Scam,36033.5,False,28.602207,77.217663,Delhi
CMP00246,2,42.0,42.0,42.0,False,41400,Investment Fraud,17017.65,True,19.059844,72.922083,Mumbai
CMP00247,7,292.0,48.67,24.0,True,36700,Digital Arrest Scam,38725.27,False,22.593616,88.347584,Kolkata
CMP00248,5,156.0,39.0,16.0,True,31600,Investment Fraud,34336.53,True,22.545193,88.327899,Kolkata
CMP00249,2,39.0,39.0,39.0,True,246600,Loan App Fraud,6621.55,False,26.901482,75.785647,Jaipur
CMP00250,4,111.0,37.0,5.0,False,77600,Digital Arrest Scam,28318.33,True,17.396499,78.469757,Hyderabad
CMP00251,7,187.0,31.17,5.0,False,18800,Loan App Fraud,40620.32,False,18.547067,73.885932,Pune
CMP00252,2,25.0,25.0,25.0,False,120000,OTP Fraud,38865.2,True,25.613745,85.148236,Patna
CMP00253,4,161.0,53.67,15.0,True,334000,OTP Fraud,29724.52,True,22.567264,88.401168,Kolkata
CMP00254,5,158.0,39.5,2.0,False,132300,Investment Fraud,24640.98,True,26.900749,75.747432,Jaipur
CMP00255,6,145.0,29.0,5.0,True,15100,Loan App Fraud,21432.15,False,17.425384,78.478642,Hyderabad
CMP00256,4,130.0,43.33,14.0,True,36400,Digital Arrest Scam,8512.1,True,18.480377,73.835988,Pune
CMP00257,5,33.0,8.25,3.0,True,161500,OTP Fraud,8485.12,False,12.969019,77.55352,Bengaluru
CMP00258,2,25.0,25.0,25.0,False,30100,Digital Arrest Scam,13519.33,True,12.999703,77.618288,Bengaluru
CMP00259,2,81.0,81.0,81.0,True,80200,OTP Fraud,19420.37,True,19.077751,72.906747,Mumbai
CMP00260,3,68.0,34.0,17.0,False,106200,Loan App Fraud,41793.33,True,22.579829,88.425283,Kolkata
CMP00261,7,320.0,53.33,9.0,False,25000,Loan App Fraud,13391.45,False,19.08989,72.87994,Mumbai
CMP00262,6,296.0,59.2,24.0,False,52300,Digital Arrest Scam,25112.05,True,17.415526,78.501252,Hyderabad
CMP00263,6,214.0,42.8,19.0,False,15000,OTP Fraud,980.68,True,18.496306,73.832771,Pune
CMP00264,6,308.0,61.6,11.0,True,23000,UPI Fraud,19048.4,True,17.39778,78.521041,Hyderabad
CMP00265,2,60.0,60.0,60.0,True,44400,Loan App Fraud,38809.23,True,12.947426,77.593407,Bengaluru
CMP00266,7,208.0,34.67,11.0,False,19000,UPI Fraud,34274.55,True,12.967273,77.594989,Bengaluru
CMP00267,5,239.0,59.75,18.0,False,220300,Loan App Fraud,40074.63,True,28.611518,77.215976,Delhi
CMP00268,7,258.0,43.0,7.0,True,16300,Investment Fraud,33362.18,False,17.342676,78.484242,Hyderabad
CMP00269,7,153.0,25.5,2.0,True,37800,UPI Fraud,12936.6,False,28.597863,77.219798,Delhi
CMP00270,3,152.0,76.0,71.0,False,61500,UPI Fraud,33397.33,False,18.524897,73.8915,Pune
CMP00271,2,52.0,52.0,52.0,False,187200,Investment Fraud,28146.12,True,19.100901,72.85878,Mumbai
CMP00272,3,91.0,45.5,23.0,True,16200,UPI Fraud,40375.35,False,26.851477,80.947361,Lucknow
CMP00273,2,71.0,71.0,71.0,False,147800,OTP Fraud,10488.32,True,12.956159,77.586698,Bengaluru
CMP00274,4,108.0,36.0,6.0,True,55500,Digital Arrest Scam,6050.22,False,28.64939,77.193989,Delhi
CMP00275,5,172.0,43.0,25.0,True,23900,Investment Fraud,39043.77,False,18.536468,73.889929,Pune
CMP00276,6,178.0,35.6,4.0,False,81500,OTP Fraud,41658.93,False,23.006565,72.601125,Ahmedabad
CMP00277,3,164.0,82.0,78.0,True,65100,Investment Fraud,36580.12,True,12.990892,77.523386,Bengaluru
CMP00278,6,233.0,46.6,2.0,True,33000,Loan App Fraud,30897.08,True,22.994916,72.517578,Ahmedabad
CMP00279,5,139.0,34.75,11.0,False,58400,Loan App Fraud,29980.02,True,22.999017,72.567798,Ahmedabad
CMP00280,5,152.0,38.0,13.0,True,39600,OTP Fraud,4261.05,True,17.357819,78.459554,Hyderabad
CMP00281,6,155.0,31.0,16.0,False,60600,Digital Arrest Scam,14531.07,True,19.083701,72.867909,Mumbai
CMP00282,6,163.0,32.6,23.0,False,96600,Digital Arrest Scam,5725.05,True,18.490121,73.874969,Pune
CMP00283,4,175.0,58.33,52.0,False,211800,OTP Fraud,12147.08,True,17.365771,78.463202,Hyderabad
CMP00284,7,176.0,29.33,19.0,False,19200,UPI Fraud,10973.07,True,19.096627,72.856022,Mumbai
CMP00285,3,94.0,47.0,32.0,True,337100,OTP Fraud,31550.13,True,25.608058,85.1395,Patna
CMP00286,6,200.0,40.0,3.0,False,15000,UPI Fraud,20304.15,False,25.597259,85.186073,Patna
CMP00287,3,52.0,26.0,19.0,False,48300,Loan App Fraud,20228.63,True,17.381684,78.462337,Hyderabad
CMP00288,7,260.0,43.33,3.0,True,90700,Digital Arrest Scam,4923.47,True,17.35369,78.495791,Hyderabad
CMP00289,2,44.0,44.0,44.0,False,69800,Digital Arrest Scam,41400.92,True,18.515976,73.836743,Pune
CMP00290,5,191.0,47.75,22.0,False,32400,OTP Fraud,8013.08,False,26.878741,80.960142,Lucknow
CMP00291,4,121.0,40.33,9.0,True,46100,Loan App Fraud,10431.75,True,23.037894,72.601497,Ahmedabad
CMP00292,3,160.0,80.0,76.0,False,36200,UPI Fraud,4997.55,True,12.935321,77.594298,Bengaluru
CMP00293,5,154.0,38.5,5.0,False,33300,OTP Fraud,21501.27,True,12.965627,77.585429,Bengaluru
CMP00294,5,193.0,48.25,14.0,True,113200,Investment Fraud,20160.98,True,12.981845,77.588569,Bengaluru
CMP00295,3,23.0,11.5,3.0,True,74500,Loan App Fraud,32920.0,True,17.353903,78.469377,Hyderabad
CMP00296,7,284.0,47.33,10.0,False,30500,OTP Fraud,18947.03,True,26.887699,80.964753,Lucknow
CMP00297,6,156.0,31.2,14.0,True,118200,Investment Fraud,34550.43,True,28.628835,77.226529,Delhi
CMP00298,3,40.0,20.0,20.0,True,71400,UPI Fraud,41931.43,True,26.911163,75.80417,Jaipur
CMP00299,2,31.0,31.0,31.0,False,109800,OTP Fraud,22655.55,False,26.822822,80.95679,Lucknow
CMP00300,7,228.0,38.0,4.0,False,93900,UPI Fraud,1733.73,True,18.537737,73.8469,Pune
CMP00301,5,184.0,46.0,16.0,False,27200,OTP Fraud,40223.97,True,17.401137,78.540781,Hyderabad
CMP00302,5,111.0,27.75,4.0,True,34200,OTP Fraud,18926.83,True,12.97269,77.636976,Bengaluru
CMP00303,5,149.0,37.25,16.0,False,103800,Investment Fraud,12282.37,False,28.56656,77.214332,Delhi
CMP00304,2,14.0,14.0,14.0,False,92400,Loan App Fraud,31117.72,True,22.572448,88.384862,Kolkata
CMP00305,7,235.0,39.17,13.0,True,54000,Investment Fraud,40879.15,True,25.581864,85.163704,Patna
CMP00306,6,297.0,59.4,32.0,True,60800,Investment Fraud,6282.95,True,28.604941,77.192811,Delhi
CMP00307,2,11.0,11.0,11.0,False,162900,Loan App Fraud,28664.25,True,26.895673,75.813298,Jaipur
CMP00308,7,316.0,52.67,40.0,True,33300,Digital Arrest Scam,7127.7,False,22.56809,88.398221,Kolkata
CMP00309,7,183.0,30.5,2.0,True,87600,Investment Fraud,28757.72,True,12.970917,77.571268,Bengaluru
CMP00310,3,124.0,62.0,57.0,True,46300,OTP Fraud,28018.28,True,22.986955,72.608933,Ahmedabad
CMP00311,2,41.0,41.0,41.0,False,45700,UPI Fraud,31949.28,True,28.614752,77.189751,Delhi
CMP00312,2,39.0,39.0,39.0,True,140000,Loan App Fraud,17816.6,False,19.022205,72.859721,Mumbai
CMP00313,3,111.0,55.5,52.0,True,110900,OTP Fraud,28349.53,True,26.962735,75.790713,Jaipur
CMP00314,4,117.0,39.0,12.0,True,109800,Investment Fraud,37978.68,True,22.624482,88.34667,Kolkata
CMP00315,3,89.0,44.5,20.0,True,166800,Digital Arrest Scam,3841.78,True,26.90079,75.798852,Jaipur
CMP00316,2,49.0,49.0,49.0,True,56000,OTP Fraud,25434.85,False,17.367079,78.440037,Hyderabad
CMP00317,3,108.0,54.0,53.0,True,98200,UPI Fraud,30925.55,True,26.869677,80.938943,Lucknow
CMP00318,4,173.0,57.67,7.0,True,42300,OTP Fraud,18646.23,True,26.828138,80.913199,Lucknow
CMP00319,5,235.0,58.75,49.0,False,72400,Investment Fraud,20086.33,True,12.917283,77.615786,Bengaluru
CMP00320,2,36.0,36.0,36.0,True,49200,UPI Fraud,8587.93,True,28.618019,77.210272,Delhi
CMP00321,2,29.0,29.0,29.0,True,59700,Digital Arrest Scam,16834.75,False,12.978817,77.601108,Bengaluru
CMP00322,6,285.0,57.0,3.0,False,91200,UPI Fraud,38403.08,False,18.52561,73.805657,Pune
CMP00323,4,121.0,40.33,20.0,True,27400,UPI Fraud,28578.25,True,19.092948,72.865502,Mumbai
CMP00324,2,4.0,4.0,4.0,True,325700,Investment Fraud,8075.15,True,23.062014,72.546023,Ahmedabad
CMP00325,3,97.0,48.5,20.0,True,23400,Investment Fraud,10856.0,False,25.615372,85.134166,Patna
CMP00326,3,69.0,34.5,20.0,False,19600,Loan App Fraud,35707.37,False,18.538716,73.854682,Pune
CMP00327,5,168.0,42.0,17.0,False,147200,Investment Fraud,33764.8,True,26.861569,80.967535,Lucknow
CMP00328,6,205.0,41.0,4.0,True,107800,OTP Fraud,31863.33,True,26.897858,75.761931,Jaipur
CMP00329,3,108.0,54.0,29.0,False,93500,Digital Arrest Scam,26877.25,True,12.988172,77.623937,Bengaluru
CMP00330,7,349.0,58.17,19.0,True,93800,Digital Arrest Scam,35360.25,True,28.636808,77.217662,Delhi
CMP00331,7,219.0,36.5,11.0,True,54400,Investment Fraud,19309.73,True,26.93678,75.799827,Jaipur
CMP00332,4,130.0,43.33,19.0,True,25700,Loan App Fraud,35532.08,True,19.10095,72.805294,Mumbai
CMP00333,6,190.0,38.0,6.0,True,58700,Loan App Fraud,19763.52,True,19.085182,72.923655,Mumbai
CMP00334,4,206.0,68.67,47.0,False,30900,Investment Fraud,40523.22,True,23.052663,72.550977,Ahmedabad
CMP00335,3,97.0,48.5,9.0,False,126000,OTP Fraud,31309.57,True,13.001927,77.598143,Bengaluru
CMP00336,3,52.0,26.0,4.0,True,48500,Loan App Fraud,24280.55,False,19.070338,72.886884,Mumbai
CMP00337,3,101.0,50.5,50.0,True,27300,Investment Fraud,38026.15,True,19.093456,72.887537,Mumbai
CMP00338,3,118.0,59.0,55.0,True,41900,Digital Arrest Scam,22531.52,True,18.571963,73.830012,Pune
CMP00339,5,216.0,54.0,8.0,True,78100,Investment Fraud,39915.2,False,26.915724,75.769797,Jaipur
CMP00340,6,250.0,50.0,27.0,False,34100,UPI Fraud,28655.9,False,17.350702,78.446361,Hyderabad
CMP00341,2,68.0,68.0,68.0,True,27300,Investment Fraud,33138.08,False,18.523531,73.845965,Pune
CMP00342,6,249.0,49.8,3.0,False,67700,Investment Fraud,10582.57,False,26.870835,80.977103,Lucknow
CMP00343,3,96.0,48.0,40.0,True,67700,OTP Fraud,8865.9,False,17.320942,78.481924,Hyderabad
CMP00344,2,57.0,57.0,57.0,True,35700,UPI Fraud,23319.75,True,25.602177,85.131291,Patna
CMP00345,2,21.0,21.0,21.0,False,36900,OTP Fraud,7113.0,True,25.578063,85.149797,Patna
CMP00346,4,197.0,65.67,61.0,True,67000,Digital Arrest Scam,1024.52,True,28.604906,77.175849,Delhi
CMP00347,7,329.0,54.83,31.0,True,16100,UPI Fraud,10627.27,True,12.959694,77.61646,Bengaluru
CMP00348,7,189.0,31.5,6.0,False,16600,Loan App Fraud,18542.08,True,25.590097,85.154384,Patna
CMP00349,3,18.0,9.0,7.0,False,29900,UPI Fraud,27922.73,True,23.035957,72.598213,Ahmedabad
CMP00350,6,275.0,55.0,16.0,True,45900,Investment Fraud,37207.55,True,28.60182,77.24835,Delhi
CMP00351,4,200.0,66.67,39.0,False,71600,OTP Fraud,34068.65,True,26.95345,75.812545,Jaipur
CMP00352,5,207.0,51.75,28.0,True,192700,UPI Fraud,43088.18,True,25.596503,85.126043,Patna
CMP00353,2,20.0,20.0,20.0,False,114000,Digital Arrest Scam,20267.88,True,17.3933,78.491462,Hyderabad
CMP00354,5,223.0,55.75,24.0,True,48000,UPI Fraud,30302.45,False,25.628855,85.151545,Patna
CMP00355,4,185.0,61.67,20.0,True,54100,Digital Arrest Scam,30962.02,True,22.526695,88.3766,Kolkata
CMP00356,4,42.0,14.0,9.0,True,23500,UPI Fraud,2182.2,True,22.518766,88.391329,Kolkata
CMP00357,2,68.0,68.0,68.0,True,54100,Loan App Fraud,4015.67,True,19.105853,72.853171,Mumbai
CMP00358,5,206.0,51.5,15.0,True,43000,Investment Fraud,26149.93,False,28.655648,77.218867,Delhi
CMP00359,2,2.0,2.0,2.0,False,72400,OTP Fraud,17211.28,True,12.975596,77.568908,Bengaluru
CMP00360,5,219.0,54.75,39.0,True,27200,Digital Arrest Scam,39519.88,False,22.996969,72.589109,Ahmedabad
CMP00361,5,192.0,48.0,27.0,False,85500,UPI Fraud,12179.88,True,12.988081,77.618039,Bengaluru
CMP00362,7,361.0,60.17,33.0,False,202400,OTP Fraud,26588.43,True,23.027026,72.538979,Ahmedabad
CMP00363,6,183.0,36.6,29.0,False,50100,OTP Fraud,34786.1,True,17.383397,78.494919,Hyderabad
CMP00364,3,34.0,17.0,16.0,True,77400,Investment Fraud,16399.78,True,28.646658,77.243892,Delhi
CMP00365,7,287.0,47.83,15.0,False,98900,Loan App Fraud,32018.95,True,18.518193,73.921193,Pune
CMP00366,6,238.0,47.6,28.0,False,39100,Loan App Fraud,32444.2,True,28.593016,77.262629,Delhi
CMP00367,2,87.0,87.0,87.0,True,66500,UPI Fraud,11147.93,True,28.613905,77.208767,Delhi
CMP00368,7,258.0,43.0,8.0,False,55600,OTP Fraud,24043.43,True,25.591596,85.132508,Patna
CMP00369,2,18.0,18.0,18.0,True,59800,Loan App Fraud,29815.98,True,19.079717,72.869273,Mumbai
CMP00370,5,221.0,55.25,10.0,False,28500,Digital Arrest Scam,21053.48,True,25.571507,85.145709,Patna
CMP00371,4,95.0,31.67,10.0,True,56200,UPI Fraud,33856.33,True,23.057107,72.585498,Ahmedabad
CMP00372,3,72.0,36.0,14.0,False,84000,OTP Fraud,26799.93,True,17.415957,78.487232,Hyderabad
CMP00373,5,139.0,34.75,14.0,True,188800,Loan App Fraud,40234.9,False,26.839006,80.951679,Lucknow
CMP00374,3,98.0,49.0,43.0,False,124300,Investment Fraud,1603.33,False,18.475994,73.866916,Pune
CMP00375,6,251.0,50.2,32.0,True,342900,OTP Fraud,474.73,True,26.855295,80.944984,Lucknow
CMP00376,5,266.0,66.5,43.0,True,28600,Investment Fraud,42302.53,True,26.951889,75.774228,Jaipur
CMP00377,7,192.0,32.0,4.0,True,115400,OTP Fraud,16027.08,True,17.342914,78.466553,Hyderabad
CMP00378,7,207.0,34.5,15.0,True,64300,Digital Arrest Scam,15235.17,False,22.533328,88.335731,Kolkata
CMP00379,7,248.0,41.33,12.0,True,353800,Digital Arrest Scam,17409.72,True,26.909119,75.789221,Jaipur
CMP00380,2,81.0,81.0,81.0,True,27700,Loan App Fraud,2876.48,False,12.97146,77.611319,Bengaluru
CMP00381,2,65.0,65.0,65.0,True,26900,OTP Fraud,2428.98,True,26.874453,75.778374,Jaipur
CMP00382,3,90.0,45.0,24.0,True,33000,UPI Fraud,9232.0,True,22.564385,88.37898,Kolkata
CMP00383,6,254.0,50.8,7.0,False,15000,Investment Fraud,22767.97,True,18.509217,73.888725,Pune
CMP00384,7,167.0,27.83,2.0,True,35200,Digital Arrest Scam,14005.22,True,28.591257,77.192656,Delhi
CMP00385,3,121.0,60.5,41.0,True,28800,OTP Fraud,25618.93,True,26.898238,80.976409,Lucknow
CMP00386,4,144.0,48.0,4.0,True,62500,Digital Arrest Scam,19102.68,True,25.634407,85.170473,Patna
CMP00387,7,242.0,40.33,9.0,True,73500,Loan App Fraud,33606.25,True,28.632873,77.21603,Delhi
CMP00388,5,179.0,44.75,18.0,True,271000,Investment Fraud,8020.58,False,23.01312,72.563457,Ahmedabad
CMP00389,4,175.0,58.33,40.0,False,123400,Digital Arrest Scam,9795.27,False,19.064669,72.914012,Mumbai
CMP00390,4,142.0,47.33,25.0,True,33700,Loan App Fraud,38988.62,True,17.36809,78.531724,Hyderabad
CMP00391,5,146.0,36.5,18.0,False,25600,UPI Fraud,27631.4,True,19.127405,72.85012,Mumbai
CMP00392,3,72.0,36.0,4.0,False,83600,UPI Fraud,37574.77,True,18.513966,73.814985,Pune
CMP00393,5,164.0,41.0,13.0,True,17900,Loan App Fraud,25814.65,True,17.371204,78.550655,Hyderabad
CMP00394,3,69.0,34.5,5.0,True,260900,Loan App Fraud,26699.25,True,28.621621,77.251555,Delhi
CMP00395,3,80.0,40.0,28.0,False,149900,Investment Fraud,16475.98,False,19.068299,72.897192,Mumbai
CMP00396,7,303.0,50.5,22.0,True,36900,Loan App Fraud,39093.87,True,22.534462,88.346602,Kolkata
CMP00397,5,155.0,38.75,15.0,False,15000,UPI Fraud,15514.33,False,23.036523,72.564013,Ahmedabad
CMP00398,2,31.0,31.0,31.0,True,173800,Investment Fraud,21273.27,True,19.086093,72.877095,Mumbai
CMP00399,2,42.0,42.0,42.0,False,49900,UPI Fraud,9898.77,True,19.084169,72.885212,Mumbai
CMP00400,4,184.0,61.33,10.0,True,157500,Investment Fraud,21240.27,True,26.942829,75.825333,Jaipur
CMP00401,4,90.0,30.0,20.0,False,15000,Digital Arrest Scam,6908.85,True,19.113103,72.88659,Mumbai
CMP00402,3,119.0,59.5,41.0,False,33000,Investment Fraud,9501.25,True,22.58201,88.341349,Kolkata
CMP00403,4,226.0,75.33,74.0,True,55200,OTP Fraud,25848.23,False,18.517376,73.867188,Pune
CMP00404,7,300.0,50.0,24.0,False,57200,Digital Arrest Scam,40935.7,False,26.846289,80.97591,Lucknow
CMP00405,3,112.0,56.0,52.0,False,37500,Investment Fraud,7010.75,True,26.864694,80.913868,Lucknow
CMP00406,7,361.0,60.17,13.0,False,93400,Loan App Fraud,28365.02,False,23.00736,72.61705,Ahmedabad
CMP00407,2,41.0,41.0,41.0,True,22200,Digital Arrest Scam,26048.57,True,26.86476,80.936879,Lucknow
CMP00408,4,92.0,30.67,6.0,False,48700,Digital Arrest Scam,31207.13,False,25.597439,85.133788,Patna
CMP00409,4,79.0,26.33,7.0,True,60900,Loan App Fraud,7023.03,True,23.067609,72.566627,Ahmedabad
CMP00410,4,126.0,42.0,15.0,False,85200,UPI Fraud,25096.77,False,22.619715,88.402481,Kolkata
CMP00411,3,41.0,20.5,16.0,True,100700,Digital Arrest Scam,19451.15,True,19.08074,72.902726,Mumbai
CMP00412,4,178.0,59.33,48.0,False,21100,UPI Fraud,31790.68,False,19.081845,72.838803,Mumbai
CMP00413,3,93.0,46.5,8.0,False,15000,UPI Fraud,41833.17,True,17.389161,78.499011,Hyderabad
CMP00414,3,96.0,48.0,21.0,True,162900,Digital Arrest Scam,23391.62,True,22.588079,88.415337,Kolkata
CMP00415,7,197.0,32.83,12.0,True,73000,Digital Arrest Scam,39405.5,True,22.578695,88.349798,Kolkata
CMP00416,3,63.0,31.5,25.0,False,29100,Digital Arrest Scam,38863.57,True,19.064692,72.817103,Mumbai
CMP00417,5,156.0,39.0,14.0,False,205600,Digital Arrest Scam,15117.73,True,22.977474,72.557833,Ahmedabad
CMP00418,3,41.0,20.5,11.0,True,60700,OTP Fraud,10441.43,True,12.971613,77.60963,Bengaluru
CMP00419,5,103.0,25.75,12.0,True,149900,Digital Arrest Scam,19423.55,True,18.544158,73.899465,Pune
CMP00420,2,80.0,80.0,80.0,True,58200,Loan App Fraud,37887.43,True,25.586091,85.148204,Patna
CMP00421,2,61.0,61.0,61.0,False,317000,UPI Fraud,7774.05,True,12.963604,77.598394,Bengaluru
CMP00422,6,249.0,49.8,16.0,True,244500,Loan App Fraud,999.45,False,28.603563,77.215507,Delhi
CMP00423,4,84.0,28.0,22.0,True,44500,Loan App Fraud,41290.45,True,26.845872,80.991064,Lucknow
CMP00424,3,112.0,56.0,32.0,False,125600,Loan App Fraud,12242.33,True,28.573711,77.189932,Delhi
CMP00425,4,202.0,67.33,64.0,True,95200,Investment Fraud,8797.7,True,12.965885,77.569741,Bengaluru
CMP00426,5,179.0,44.75,17.0,False,176000,UPI Fraud,7953.3,False,22.585056,88.392404,Kolkata
CMP00427,6,199.0,39.8,15.0,True,24200,Loan App Fraud,31287.35,False,22.599883,88.379128,Kolkata
CMP00428,2,61.0,61.0,61.0,False,98500,UPI Fraud,41586.9,False,22.577673,88.326006,Kolkata
CMP00429,2,84.0,84.0,84.0,True,135200,Digital Arrest Scam,35325.52,True,26.917427,75.813566,Jaipur
CMP00430,7,331.0,55.17,21.0,True,15000,OTP Fraud,2892.08,False,18.526152,73.869144,Pune
CMP00431,4,152.0,50.67,23.0,True,20100,UPI Fraud,32034.13,True,19.055908,72.918678,Mumbai
CMP00432,7,272.0,45.33,20.0,True,15000,Investment Fraud,33413.9,True,25.575251,85.130583,Patna
CMP00433,3,142.0,71.0,57.0,True,43700,Investment Fraud,7550.72,False,17.43559,78.48687,Hyderabad
CMP00434,3,60.0,30.0,23.0,False,101200,UPI Fraud,5265.02,True,25.57163,85.104342,Patna
CMP00435,6,170.0,34.0,12.0,True,197200,Digital Arrest Scam,42499.72,True,22.630072,88.354829,Kolkata
CMP00436,2,70.0,70.0,70.0,False,58600,Loan App Fraud,8946.07,True,19.136315,72.897315,Mumbai
CMP00437,5,117.0,29.25,11.0,False,219600,OTP Fraud,40964.6,False,23.085673,72.558128,Ahmedabad
CMP00438,7,269.0,44.83,6.0,False,17000,OTP Fraud,26519.78,True,26.918419,75.852342,Jaipur
CMP00439,3,36.0,18.0,2.0,False,15000,Investment Fraud,20746.48,False,22.594382,88.330251,Kolkata
CMP00440,5,231.0,57.75,3.0,False,52500,Investment Fraud,42300.05,True,22.562095,88.356855,Kolkata
CMP00441,4,74.0,24.67,4.0,False,76200,OTP Fraud,8086.77,True,19.048214,72.883863,Mumbai
CMP00442,7,290.0,48.33,15.0,False,53500,Investment Fraud,29942.72,False,17.369762,78.482026,Hyderabad
CMP00443,3,72.0,36.0,12.0,True,15000,Loan App Fraud,29005.3,True,19.07899,72.853373,Mumbai
CMP00444,4,133.0,44.33,19.0,False,51000,Investment Fraud,27880.9,True,25.605497,85.191725,Patna
CMP00445,2,29.0,29.0,29.0,False,18100,Investment Fraud,21993.35,False,19.084462,72.870315,Mumbai
CMP00446,3,78.0,39.0,27.0,False,97200,Loan App Fraud,17957.73,True,26.905687,75.76502,Jaipur
CMP00447,2,88.0,88.0,88.0,False,75100,UPI Fraud,33195.37,False,12.931775,77.605612,Bengaluru
CMP00448,2,56.0,56.0,56.0,False,24700,UPI Fraud,6070.05,True,19.059766,72.910733,Mumbai
CMP00449,2,66.0,66.0,66.0,True,35500,Loan App Fraud,6866.98,False,25.586274,85.137582,Patna
CMP00450,6,252.0,50.4,3.0,True,22400,UPI Fraud,38803.78,True,26.911396,75.751531,Jaipur
CMP00451,5,216.0,54.0,35.0,True,52100,OTP Fraud,39195.38,True,25.640266,85.110848,Patna
CMP00452,3,91.0,45.5,16.0,False,123900,Investment Fraud,8606.23,True,26.914946,75.826026,Jaipur
CMP00453,4,99.0,33.0,7.0,False,23800,UPI Fraud,29673.07,True,26.916414,75.787376,Jaipur
CMP00454,3,110.0,55.0,36.0,True,84400,Loan App Fraud,42042.35,False,26.885463,80.921241,Lucknow
CMP00455,4,110.0,36.67,4.0,True,35000,OTP Fraud,7315.85,True,18.465103,73.895036,Pune
CMP00456,5,119.0,29.75,8.0,True,28000,Digital Arrest Scam,14953.17,True,26.881661,75.799717,Jaipur
CMP00457,6,284.0,56.8,6.0,False,50200,UPI Fraud,15542.5,True,25.607757,85.137761,Patna
CMP00458,7,247.0,41.17,23.0,False,22800,Loan App Fraud,38779.42,True,26.915603,75.770274,Jaipur
CMP00459,7,348.0,58.0,27.0,True,34400,OTP Fraud,19299.97,True,26.866699,80.905792,Lucknow
CMP00460,3,75.0,37.5,19.0,False,19900,OTP Fraud,30102.77,True,17.386612,78.437313,Hyderabad
CMP00461,6,219.0,43.8,15.0,True,292200,OTP Fraud,42809.52,True,17.410796,78.449561,Hyderabad
CMP00462,6,254.0,50.8,11.0,True,56700,Loan App Fraud,42457.47,True,12.958668,77.629834,Bengaluru
CMP00463,6,257.0,51.4,24.0,True,30300,Loan App Fraud,12538.63,False,26.842623,80.927577,Lucknow
CMP00464,3,28.0,14.0,7.0,False,66000,Loan App Fraud,23861.1,True,18.527739,73.822785,Pune
CMP00465,7,322.0,53.67,19.0,True,50000,Digital Arrest Scam,12572.82,True,12.980386,77.621354,Bengaluru
CMP00466,6,213.0,42.6,16.0,False,45600,UPI Fraud,27963.5,True,23.052143,72.589374,Ahmedabad
CMP00467,3,65.0,32.5,30.0,True,92700,UPI Fraud,2245.73,True,26.864171,80.956724,Lucknow
CMP00468,4,144.0,48.0,16.0,False,104700,Investment Fraud,15069.52,True,22.568396,88.352098,Kolkata
CMP00469,3,71.0,35.5,21.0,True,35000,Loan App Fraud,31788.78,False,28.622172,77.229838,Delhi
CMP00470,6,224.0,44.8,6.0,False,33700,Loan App Fraud,25791.23,False,12.977217,77.617915,Bengaluru
CMP00471,2,71.0,71.0,71.0,True,43500,OTP Fraud,39737.3,False,28.5777,77.15403,Delhi
CMP00472,5,201.0,50.25,12.0,False,15000,Digital Arrest Scam,3678.27,False,19.061062,72.913259,Mumbai
CMP00473,5,159.0,39.75,6.0,True,15200,UPI Fraud,43204.67,True,18.543857,73.843799,Pune
CMP00474,7,318.0,53.0,7.0,False,175800,Investment Fraud,18844.02,True,19.077886,72.837651,Mumbai
CMP00475,5,123.0,30.75,4.0,False,222600,OTP Fraud,34032.85,True,26.829496,81.002511,Lucknow
CMP00476,6,167.0,33.4,5.0,True,44500,Loan App Fraud,28950.18,True,26.912017,75.801782,Jaipur
CMP00477,3,81.0,40.5,6.0,False,89800,UPI Fraud,35911.25,True,17.376959,78.538619,Hyderabad
CMP00478,2,18.0,18.0,18.0,False,71700,UPI Fraud,30179.78,True,26.913816,75.800542,Jaipur
CMP00479,3,98.0,49.0,15.0,False,500000,Investment Fraud,41563.73,True,18.559088,73.901597,Pune
CMP00480,7,279.0,46.5,6.0,False,142400,UPI Fraud,21411.72,False,22.605025,88.363328,Kolkata
CMP00481,2,3.0,3.0,3.0,True,49300,OTP Fraud,27770.55,True,18.49428,73.807541,Pune
CMP00482,3,61.0,30.5,5.0,True,24400,Digital Arrest Scam,665.0,False,18.51464,73.833594,Pune
CMP00483,7,137.0,22.83,3.0,True,15000,Digital Arrest Scam,14777.97,True,26.853043,80.957892,Lucknow
CMP00484,4,112.0,37.33,20.0,True,65400,Loan App Fraud,20337.47,True,22.581366,88.37613,Kolkata
CMP00485,6,143.0,28.6,6.0,True,28900,Investment Fraud,538.0,True,22.57342,88.344938,Kolkata
CMP00486,5,278.0,69.5,48.0,True,16400,Digital Arrest Scam,12149.6,False,18.50059,73.849001,Pune
CMP00487,5,232.0,58.0,31.0,True,31700,Digital Arrest Scam,37209.85,True,12.977211,77.620777,Bengaluru
CMP00488,3,125.0,62.5,37.0,True,21900,Loan App Fraud,39146.25,True,26.920968,75.798719,Jaipur
CMP00489,5,197.0,49.25,8.0,False,230800,UPI Fraud,27739.93,False,19.066876,72.85672,Mumbai
CMP00490,6,233.0,46.6,5.0,True,116400,Investment Fraud,1241.77,False,12.9756,77.607145,Bengaluru
CMP00491,4,98.0,32.67,4.0,False,54600,OTP Fraud,21979.17,False,19.105685,72.942439,Mumbai
CMP00492,7,276.0,46.0,3.0,False,193500,Investment Fraud,39952.18,True,26.861897,80.950865,Lucknow
CMP00493,6,279.0,55.8,37.0,True,58700,UPI Fraud,20099.22,True,17.397848,78.49119,Hyderabad
CMP00494,3,100.0,50.0,29.0,True,26400,Loan App Fraud,1523.62,True,23.006768,72.609743,Ahmedabad
CMP00495,3,144.0,72.0,69.0,False,200700,Loan App Fraud,32236.75,True,12.957663,77.560355,Bengaluru
CMP00496,3,83.0,41.5,10.0,True,87000,UPI Fraud,30595.0,False,23.023205,72.571172,Ahmedabad
CMP00497,7,255.0,42.5,22.0,True,22800,OTP Fraud,30402.63,True,26.939547,75.799167,Jaipur
CMP00498,3,73.0,36.5,23.0,True,46800,UPI Fraud,36699.28,True,25.580342,85.120809,Patna
CMP00499,2,14.0,14.0,14.0,False,26100,Loan App Fraud,21858.4,True,26.879628,80.943248,Lucknow
CMP00500,4,155.0,51.67,19.0,False,17000,Digital Arrest Scam,23338.83,True,17.380428,78.521072,Hyderabad
CMP00501,2,75.0,75.0,75.0,True,120900,UPI Fraud,35791.02,False,12.997357,77.60057,Bengaluru
CMP00502,7,203.0,33.83,8.0,False,278800,Digital Arrest Scam,35616.87,False,22.566124,88.358991,Kolkata
CMP00503,7,339.0,56.5,41.0,False,16800,Digital Arrest Scam,24335.3,True,26.883152,75.715493,Jaipur
CMP00504,2,69.0,69.0,69.0,False,88800,Digital Arrest Scam,7250.2,True,17.349401,78.480034,Hyderabad
CMP00505,5,193.0,48.25,30.0,False,31600,Digital Arrest Scam,13803.93,False,18.546801,73.862281,Pune
CMP00506,4,60.0,20.0,5.0,True,36400,UPI Fraud,10823.02,True,26.853334,80.931631,Lucknow
CMP00507,6,168.0,33.6,4.0,True,33200,Investment Fraud,34541.93,False,26.942137,75.75661,Jaipur
CMP00508,4,156.0,52.0,40.0,True,26400,Investment Fraud,40495.4,True,25.603317,85.127767,Patna
CMP00509,4,175.0,58.33,10.0,True,57300,Loan App Fraud,22606.53,True,26.896311,75.813049,Jaipur
CMP00510,7,361.0,60.17,17.0,False,27100,UPI Fraud,30533.28,True,12.954898,77.619401,Bengaluru
CMP00511,5,143.0,35.75,19.0,False,69200,Loan App Fraud,30972.23,True,25.596146,85.135128,Patna
CMP00512,2,27.0,27.0,27.0,True,52700,UPI Fraud,41516.88,True,26.863164,80.996455,Lucknow
CMP00513,6,310.0,62.0,42.0,False,44900,UPI Fraud,35318.07,False,26.927719,75.760965,Jaipur
CMP00514,5,105.0,26.25,5.0,True,25400,Investment Fraud,32377.78,False,12.972695,77.590925,Bengaluru
CMP00515,5,213.0,53.25,13.0,False,33700,Loan App Fraud,3917.55,False,28.570755,77.192061,Delhi
CMP00516,2,47.0,47.0,47.0,False,104500,UPI Fraud,5510.53,True,18.569811,73.817594,Pune
CMP00517,3,94.0,47.0,43.0,False,84200,OTP Fraud,41587.83,True,23.001691,72.583185,Ahmedabad
CMP00518,3,93.0,46.5,43.0,False,24000,OTP Fraud,32417.53,True,26.842068,80.942954,Lucknow
CMP00519,2,70.0,70.0,70.0,False,59800,Investment Fraud,2969.33,True,22.583588,88.383373,Kolkata
CMP00520,3,12.0,6.0,2.0,True,104200,Loan App Fraud,13309.53,True,19.060332,72.89926,Mumbai
CMP00521,4,68.0,22.67,9.0,True,15000,OTP Fraud,33343.52,True,26.887838,75.781684,Jaipur
CMP00522,7,213.0,35.5,11.0,True,87300,Investment Fraud,4264.93,False,19.059107,72.878554,Mumbai
CMP00523,5,218.0,54.5,18.0,False,31300,UPI Fraud,23999.68,False,19.075466,72.85902,Mumbai
CMP00524,2,15.0,15.0,15.0,True,89300,UPI Fraud,12183.38,True,28.629785,77.178019,Delhi
CMP00525,4,173.0,57.67,32.0,True,28700,Investment Fraud,30600.17,True,19.089413,72.855238,Mumbai
CMP00526,4,174.0,58.0,14.0,True,15000,OTP Fraud,36552.38,True,25.60769,85.128335,Patna
CMP00527,7,344.0,57.33,18.0,False,15000,Loan App Fraud,25280.95,False,12.991059,77.58082,Bengaluru
CMP00528,3,65.0,32.5,17.0,False,57300,Investment Fraud,27166.02,True,18.516222,73.863764,Pune
CMP00529,7,322.0,53.67,14.0,False,68600,UPI Fraud,41679.9,True,26.884332,75.79686,Jaipur
CMP00530,4,139.0,46.33,34.0,True,25500,Loan App Fraud,4658.22,True,19.031535,72.885691,Mumbai
CMP00531,4,156.0,52.0,21.0,False,94600,Investment Fraud,39040.1,False,19.080913,72.895425,Mumbai
CMP00532,5,173.0,43.25,4.0,False,15000,OTP Fraud,17638.42,True,18.515122,73.832021,Pune
CMP00533,4,113.0,37.67,14.0,False,52000,UPI Fraud,23371.33,True,12.97212,77.5764,Bengaluru
CMP00534,4,179.0,59.67,40.0,True,19600,Loan App Fraud,9884.2,True,26.833996,80.942505,Lucknow
CMP00535,4,158.0,52.67,32.0,False,31600,Digital Arrest Scam,27384.48,True,18.541912,73.842123,Pune
CMP00536,7,280.0,46.67,5.0,False,57300,Loan App Fraud,5809.93,True,22.975837,72.596588,Ahmedabad
CMP00537,2,85.0,85.0,85.0,False,26500,Loan App Fraud,26435.43,False,22.567374,88.342637,Kolkata
CMP00538,4,127.0,42.33,16.0,True,39700,UPI Fraud,36881.2,True,22.588908,88.32449,Kolkata
CMP00539,2,21.0,21.0,21.0,False,129400,Loan App Fraud,35739.57,True,26.848666,80.896245,Lucknow
CMP00540,4,58.0,19.33,12.0,False,33700,Loan App Fraud,25468.05,True,28.609645,77.197669,Delhi
CMP00541,3,23.0,11.5,8.0,False,111900,Loan App Fraud,15086.8,True,13.023452,77.571615,Bengaluru
CMP00542,3,146.0,73.0,72.0,False,21100,Digital Arrest Scam,13488.78,True,25.610498,85.142468,Patna
CMP00543,3,106.0,53.0,48.0,True,86300,UPI Fraud,10942.1,False,28.597447,77.201407,Delhi
CMP00544,2,78.0,78.0,78.0,False,187300,OTP Fraud,7202.9,True,18.571008,73.822621,Pune
CMP00545,4,93.0,31.0,20.0,True,15000,UPI Fraud,36868.87,False,28.609584,77.231091,Delhi
CMP00546,3,51.0,25.5,8.0,False,27900,OTP Fraud,9287.63,False,26.898797,75.78323,Jaipur
CMP00547,6,293.0,58.6,15.0,False,89800,Digital Arrest Scam,10698.68,False,26.853264,80.95104,Lucknow
CMP00548,4,75.0,25.0,14.0,True,46300,Investment Fraud,11691.67,True,25.639113,85.168574,Patna
CMP00549,6,144.0,28.8,20.0,True,75400,Loan App Fraud,28745.73,True,26.842376,80.988993,Lucknow
CMP00550,6,230.0,46.0,11.0,False,32900,OTP Fraud,30969.38,True,17.402703,78.510618,Hyderabad
CMP00551,3,52.0,26.0,23.0,False,59200,Digital Arrest Scam,31484.98,True,18.517619,73.834102,Pune
CMP00552,3,88.0,44.0,32.0,True,48200,Loan App Fraud,16829.73,True,26.909042,75.80757,Jaipur
CMP00553,4,119.0,39.67,14.0,True,148400,Loan App Fraud,13647.35,True,26.907467,75.783518,Jaipur
CMP00554,3,127.0,63.5,39.0,False,68300,Investment Fraud,30871.63,False,23.029185,72.579442,Ahmedabad
CMP00555,7,209.0,34.83,7.0,True,73300,OTP Fraud,26666.47,True,25.580885,85.152259,Patna
CMP00556,4,102.0,34.0,2.0,True,38800,Digital Arrest Scam,29348.15,True,26.809727,80.950784,Lucknow
CMP00557,7,310.0,51.67,10.0,False,36300,Digital Arrest Scam,42163.68,True,17.359896,78.467505,Hyderabad
CMP00558,3,95.0,47.5,21.0,True,38100,Investment Fraud,3686.27,True,28.657372,77.233471,Delhi
CMP00559,6,301.0,60.2,2.0,False,76900,UPI Fraud,38600.85,True,26.901245,75.740061,Jaipur
CMP00560,6,222.0,44.4,28.0,False,38500,Loan App Fraud,8696.25,False,22.54308,88.391758,Kolkata
CMP00561,3,78.0,39.0,13.0,False,70400,Loan App Fraud,11293.28,True,19.087909,72.890337,Mumbai
CMP00562,4,134.0,44.67,29.0,True,321000,Digital Arrest Scam,35952.6,True,22.563884,88.355169,Kolkata
CMP00563,5,229.0,57.25,28.0,True,115300,Digital Arrest Scam,6393.88,True,25.646593,85.131424,Patna
CMP00564,2,9.0,9.0,9.0,False,41700,UPI Fraud,24562.42,True,25.635631,85.126173,Patna
CMP00565,2,78.0,78.0,78.0,True,152700,Investment Fraud,3853.57,True,25.613685,85.131312,Patna
CMP00566,5,141.0,35.25,6.0,False,38900,Digital Arrest Scam,26146.45,True,22.542703,88.375015,Kolkata
CMP00567,5,76.0,19.0,2.0,False,15000,Loan App Fraud,5764.28,True,26.797447,80.968515,Lucknow
CMP00568,3,51.0,25.5,18.0,True,23300,Loan App Fraud,2067.1,True,22.560629,88.342331,Kolkata
CMP00569,2,54.0,54.0,54.0,False,15000,Digital Arrest Scam,23519.13,True,19.049197,72.804666,Mumbai
CMP00570,6,326.0,65.2,48.0,False,40800,Loan App Fraud,2554.23,True,12.944307,77.584923,Bengaluru
CMP00571,2,53.0,53.0,53.0,False,55900,Investment Fraud,9825.95,True,25.609655,85.109129,Patna
CMP00572,5,227.0,56.75,26.0,False,228700,UPI Fraud,42980.6,True,25.625494,85.115235,Patna
CMP00573,3,89.0,44.5,20.0,True,72600,Loan App Fraud,1373.12,True,17.357087,78.517595,Hyderabad
CMP00574,7,336.0,56.0,13.0,False,45700,OTP Fraud,10317.82,False,17.387216,78.491633,Hyderabad
CMP00575,6,205.0,41.0,16.0,True,111300,Investment Fraud,36823.55,True,19.102967,72.876737,Mumbai
CMP00576,6,273.0,54.6,5.0,True,15000,Digital Arrest Scam,20015.4,False,22.600277,88.36089,Kolkata
CMP00577,4,113.0,37.67,16.0,False,67200,UPI Fraud,8534.47,True,18.489422,73.820012,Pune
CMP00578,3,110.0,55.0,40.0,True,105900,OTP Fraud,29370.57,True,12.937428,77.588981,Bengaluru
CMP00579,7,220.0,36.67,5.0,True,15700,UPI Fraud,4357.18,True,17.393692,78.474519,Hyderabad
CMP00580,4,52.0,17.33,10.0,True,145400,OTP Fraud,41863.72,True,12.955657,77.581325,Bengaluru
CMP00581,5,185.0,46.25,15.0,False,73300,OTP Fraud,35980.02,False,28.574985,77.198297,Delhi
CMP00582,4,76.0,25.33,2.0,True,38600,Loan App Fraud,10155.38,True,22.536504,88.306495,Kolkata
CMP00583,5,184.0,46.0,17.0,False,94200,OTP Fraud,81.0,True,26.851882,80.947934,Lucknow
CMP00584,7,313.0,52.17,20.0,True,379000,OTP Fraud,16720.3,True,19.110812,72.871449,Mumbai
CMP00585,5,277.0,69.25,63.0,True,64200,UPI Fraud,13007.83,False,22.596428,88.376727,Kolkata
CMP00586,5,256.0,64.0,32.0,False,67900,UPI Fraud,25145.67,False,22.566938,88.339914,Kolkata
CMP00587,6,233.0,46.6,12.0,True,37200,OTP Fraud,38000.73,True,23.023991,72.555227,Ahmedabad
CMP00588,4,97.0,32.33,25.0,True,26700,UPI Fraud,38779.67,True,25.554502,85.15661,Patna
CMP00589,4,171.0,57.0,15.0,False,111400,UPI Fraud,32828.47,True,26.811635,80.989939,Lucknow
CMP00590,2,46.0,46.0,46.0,True,26600,Loan App Fraud,26188.37,True,17.365378,78.502907,Hyderabad
CMP00591,6,179.0,35.8,20.0,False,58400,UPI Fraud,24964.32,True,28.617422,77.164789,Delhi
CMP00592,6,216.0,43.2,2.0,False,36600,UPI Fraud,16831.57,True,26.882559,75.810279,Jaipur
CMP00593,6,190.0,38.0,7.0,True,82600,Digital Arrest Scam,23250.38,False,18.508331,73.832867,Pune
CMP00594,7,221.0,36.83,7.0,True,73000,OTP Fraud,24599.13,True,19.084079,72.87401,Mumbai
CMP00595,3,174.0,87.0,85.0,False,132900,Investment Fraud,12227.27,True,26.91243,75.766873,Jaipur
CMP00596,5,189.0,47.25,31.0,False,35700,Digital Arrest Scam,12750.8,True,25.623823,85.155308,Patna
CMP00597,3,82.0,41.0,24.0,True,43700,UPI Fraud,32120.77,True,23.064443,72.55756,Ahmedabad
CMP00598,4,150.0,50.0,18.0,True,23900,UPI Fraud,14084.87,False,23.050651,72.570115,Ahmedabad
CMP00599,6,357.0,71.4,50.0,False,37700,Loan App Fraud,2702.08,False,17.405974,78.471269,Hyderabad
CMP00600,5,269.0,67.25,55.0,False,75800,Investment Fraud,35888.57,False,18.545307,73.844356,Pune
CMP00601,2,65.0,65.0,65.0,False,104700,Loan App Fraud,33220.68,True,22.578198,88.398004,Kolkata
CMP00602,7,207.0,34.5,2.0,True,25100,Loan App Fraud,13346.73,False,23.003178,72.581576,Ahmedabad
CMP00603,6,111.0,22.2,6.0,True,115200,Loan App Fraud,3375.38,True,23.012901,72.577655,Ahmedabad
CMP00604,3,104.0,52.0,50.0,True,174100,Loan App Fraud,8757.08,False,26.923362,75.78779,Jaipur
CMP00605,7,192.0,32.0,3.0,True,78200,Investment Fraud,27977.18,False,26.904333,75.781029,Jaipur
CMP00606,6,285.0,57.0,29.0,True,271100,Digital Arrest Scam,23567.02,False,22.532222,88.393018,Kolkata
CMP00607,7,277.0,46.17,16.0,False,28500,Loan App Fraud,34650.05,True,25.602134,85.148148,Patna
CMP00608,5,159.0,39.75,22.0,True,19100,UPI Fraud,18617.77,True,22.987342,72.569322,Ahmedabad
CMP00609,6,279.0,55.8,17.0,True,15000,Investment Fraud,5440.03,True,23.025147,72.58601,Ahmedabad
CMP00610,7,276.0,46.0,11.0,True,196200,OTP Fraud,12526.47,True,18.519737,73.834653,Pune
CMP00611,6,265.0,53.0,33.0,True,95900,UPI Fraud,22391.95,True,28.614505,77.244306,Delhi
CMP00612,3,120.0,60.0,39.0,True,52500,Loan App Fraud,23003.9,True,25.640932,85.164601,Patna
CMP00613,6,274.0,54.8,6.0,True,69800,OTP Fraud,31032.42,True,19.133983,72.887533,Mumbai
CMP00614,2,75.0,75.0,75.0,True,21100,Investment Fraud,11719.95,True,17.309512,78.491296,Hyderabad
CMP00615,7,294.0,49.0,8.0,True,439800,UPI Fraud,31132.27,True,12.944292,77.58669,Bengaluru
CMP00616,4,149.0,49.67,35.0,True,61400,Investment Fraud,43009.88,True,22.567928,88.352907,Kolkata
CMP00617,2,5.0,5.0,5.0,True,60400,UPI Fraud,4186.27,True,12.988584,77.56588,Bengaluru
CMP00618,2,57.0,57.0,57.0,False,101900,OTP Fraud,25475.93,True,26.826245,80.946116,Lucknow
CMP00619,4,121.0,40.33,29.0,False,82800,Digital Arrest Scam,2242.53,False,12.971777,77.578092,Bengaluru
CMP00620,4,83.0,27.67,2.0,False,66500,UPI Fraud,30721.15,True,23.018126,72.552506,Ahmedabad
CMP00621,3,14.0,7.0,6.0,False,28100,Digital Arrest Scam,4892.6,True,12.988605,77.624413,Bengaluru
CMP00622,6,277.0,55.4,45.0,False,82100,Investment Fraud,25198.8,True,26.91461,75.824238,Jaipur
CMP00623,6,304.0,60.8,33.0,False,272300,OTP Fraud,2170.53,True,23.04476,72.58578,Ahmedabad
CMP00624,5,256.0,64.0,39.0,True,172600,Loan App Fraud,31334.52,False,17.389234,78.451357,Hyderabad
CMP00625,6,311.0,62.2,44.0,False,213100,UPI Fraud,30926.25,True,26.89275,75.754019,Jaipur
CMP00626,7,306.0,51.0,34.0,False,35600,OTP Fraud,9486.23,False,23.039262,72.544604,Ahmedabad
CMP00627,6,223.0,44.6,9.0,False,23700,Loan App Fraud,27750.23,False,26.950612,75.799996,Jaipur
CMP00628,5,127.0,31.75,20.0,True,49400,UPI Fraud,17532.77,True,22.54534,88.399173,Kolkata
CMP00629,4,54.0,18.0,2.0,False,57700,Investment Fraud,13163.35,True,28.632027,77.221904,Delhi
CMP00630,5,259.0,64.75,31.0,False,139400,OTP Fraud,26952.02,True,22.566383,88.404084,Kolkata
CMP00631,3,27.0,13.5,8.0,False,15000,Loan App Fraud,18447.15,True,19.030922,72.838097,Mumbai
CMP00632,6,180.0,36.0,2.0,True,201800,OTP Fraud,14969.2,False,18.470918,73.875398,Pune
CMP00633,6,235.0,47.0,17.0,True,48100,Digital Arrest Scam,34305.02,True,22.568849,88.367039,Kolkata
CMP00634,4,91.0,30.33,23.0,True,38300,UPI Fraud,9529.75,True,17.346156,78.507147,Hyderabad
CMP00635,7,257.0,42.83,9.0,True,23300,Investment Fraud,11997.2,False,26.840087,80.896103,Lucknow
CMP00636,3,58.0,29.0,10.0,True,15000,Loan App Fraud,22421.45,True,28.611909,77.220309,Delhi
CMP00637,7,271.0,45.17,13.0,True,110700,OTP Fraud,38353.23,True,18.495359,73.849672,Pune
CMP00638,7,258.0,43.0,5.0,False,58500,Digital Arrest Scam,20912.13,True,18.508785,73.861729,Pune
CMP00639,6,276.0,55.2,40.0,False,18400,OTP Fraud,25158.78,True,13.009436,77.61037,Bengaluru
CMP00640,6,174.0,34.8,3.0,False,18300,Digital Arrest Scam,8519.5,True,17.389334,78.492799,Hyderabad
CMP00641,6,253.0,50.6,19.0,True,41300,Investment Fraud,16442.7,False,28.639714,77.237168,Delhi
CMP00642,3,152.0,76.0,73.0,True,227200,OTP Fraud,25215.13,True,12.945995,77.640952,Bengaluru
CMP00643,2,12.0,12.0,12.0,False,44100,Investment Fraud,25947.4,True,22.987041,72.52738,Ahmedabad
CMP00644,7,353.0,58.83,16.0,False,15300,OTP Fraud,8875.3,False,22.573623,88.338845,Kolkata
CMP00645,4,189.0,63.0,54.0,True,44600,Loan App Fraud,4558.77,True,25.581496,85.135562,Patna
CMP00646,2,74.0,74.0,74.0,True,43600,OTP Fraud,33534.75,True,26.887685,75.75971,Jaipur
CMP00647,6,284.0,56.8,5.0,True,15000,OTP Fraud,28550.12,True,17.421779,78.481467,Hyderabad
CMP00648,6,190.0,38.0,3.0,False,52500,Loan App Fraud,8778.62,False,19.075518,72.871128,Mumbai
CMP00649,2,79.0,79.0,79.0,False,45200,Investment Fraud,31594.13,True,19.089469,72.854683,Mumbai
CMP00650,7,228.0,38.0,7.0,True,99400,Digital Arrest Scam,24062.97,True,28.63674,77.188921,Delhi
CMP00651,6,100.0,20.0,2.0,False,264800,Digital Arrest Scam,41182.87,False,22.55966,88.369495,Kolkata
CMP00652,6,171.0,34.2,3.0,True,143300,OTP Fraud,30276.85,True,28.614159,77.176204,Delhi
CMP00653,2,70.0,70.0,70.0,True,43800,OTP Fraud,8814.13,False,26.929222,75.802095,Jaipur
CMP00654,3,119.0,59.5,56.0,True,21500,Digital Arrest Scam,21301.48,False,28.638858,77.198209,Delhi
CMP00655,7,276.0,46.0,14.0,False,490100,Digital Arrest Scam,22457.27,True,12.963231,77.584509,Bengaluru
CMP00656,5,264.0,66.0,40.0,True,57800,Loan App Fraud,36190.23,True,22.540233,88.392921,Kolkata
CMP00657,5,121.0,30.25,8.0,False,55700,Digital Arrest Scam,17600.22,True,19.070379,72.86145,Mumbai
CMP00658,7,255.0,42.5,15.0,True,53900,Digital Arrest Scam,19106.17,True,28.597548,77.163234,Delhi
CMP00659,3,21.0,10.5,10.0,True,65100,OTP Fraud,43079.28,True,28.650074,77.213914,Delhi
CMP00660,6,302.0,60.4,40.0,False,48600,Digital Arrest Scam,35013.05,True,19.103638,72.907376,Mumbai
CMP00661,7,349.0,58.17,37.0,False,33800,Digital Arrest Scam,40430.77,False,23.057054,72.587618,Ahmedabad
CMP00662,5,139.0,34.75,10.0,False,34600,Loan App Fraud,42333.92,False,12.937989,77.571634,Bengaluru
CMP00663,4,63.0,21.0,12.0,True,53500,UPI Fraud,2973.33,True,12.957642,77.567096,Bengaluru
CMP00664,6,258.0,51.6,41.0,False,34700,OTP Fraud,3121.65,True,19.125892,72.955448,Mumbai
CMP00665,6,218.0,43.6,15.0,True,30000,OTP Fraud,14678.22,False,12.998745,77.59705,Bengaluru
CMP00666,2,80.0,80.0,80.0,False,60200,Investment Fraud,2181.78,False,26.859,80.933049,Lucknow
CMP00667,3,83.0,41.5,32.0,False,44300,Loan App Fraud,20355.15,True,22.547592,88.346956,Kolkata
CMP00668,2,13.0,13.0,13.0,False,197500,Investment Fraud,17243.85,True,25.580382,85.139921,Patna
CMP00669,5,202.0,50.5,6.0,True,15000,UPI Fraud,31667.67,False,26.796857,80.955551,Lucknow
CMP00670,2,51.0,51.0,51.0,False,139100,Investment Fraud,11184.27,True,28.59334,77.237026,Delhi
CMP00671,5,170.0,42.5,16.0,True,158600,Investment Fraud,33826.25,False,25.559361,85.096465,Patna
CMP00672,3,126.0,63.0,58.0,False,15000,OTP Fraud,23821.83,False,17.404857,78.455343,Hyderabad
CMP00673,6,235.0,47.0,7.0,False,41100,Loan App Fraud,21822.75,True,12.97646,77.585771,Bengaluru
CMP00674,2,45.0,45.0,45.0,False,40100,Digital Arrest Scam,28027.95,False,26.896312,75.810496,Jaipur
CMP00675,5,141.0,35.25,11.0,False,16600,OTP Fraud,36051.37,True,26.949919,75.808556,Jaipur
CMP00676,4,131.0,43.67,39.0,False,28400,Digital Arrest Scam,22315.47,False,19.04944,72.888408,Mumbai
CMP00677,2,29.0,29.0,29.0,False,21400,Loan App Fraud,8749.55,True,25.585249,85.12326,Patna
CMP00678,5,229.0,57.25,5.0,False,243900,Digital Arrest Scam,17315.43,True,25.611805,85.14343,Patna
CMP00679,6,206.0,41.2,3.0,True,121800,Loan App Fraud,3482.2,True,25.610361,85.100023,Patna
CMP00680,7,273.0,45.5,19.0,True,162100,Investment Fraud,42876.65,True,28.619453,77.197031,Delhi
CMP00681,6,210.0,42.0,4.0,True,101600,Loan App Fraud,11121.45,True,23.03231,72.558676,Ahmedabad
CMP00682,4,88.0,29.33,10.0,False,21100,Digital Arrest Scam,21918.0,True,23.036991,72.579545,Ahmedabad
CMP00683,7,253.0,42.17,14.0,True,35200,OTP Fraud,34721.93,True,18.527966,73.837843,Pune
CMP00684,4,119.0,39.67,9.0,False,83400,Loan App Fraud,34915.47,True,25.634936,85.108941,Patna
CMP00685,5,288.0,72.0,36.0,True,19500,UPI Fraud,1483.78,True,28.604668,77.212585,Delhi
CMP00686,4,121.0,40.33,4.0,True,100800,Investment Fraud,35413.77,True,19.071233,72.883136,Mumbai
CMP00687,3,137.0,68.5,56.0,True,44800,OTP Fraud,15079.33,True,26.892705,75.771779,Jaipur
CMP00688,6,193.0,38.6,14.0,True,40000,UPI Fraud,3404.1,True,19.102299,72.852748,Mumbai
CMP00689,2,34.0,34.0,34.0,True,100700,OTP Fraud,34706.25,True,19.069896,72.901802,Mumbai
CMP00690,5,131.0,32.75,15.0,True,80200,OTP Fraud,20028.9,False,23.035328,72.564911,Ahmedabad
CMP00691,5,189.0,47.25,12.0,True,40500,Investment Fraud,7538.23,True,25.589349,85.128664,Patna
CMP00692,5,196.0,49.0,5.0,True,147300,Loan App Fraud,18482.63,True,28.61923,77.190201,Delhi
CMP00693,6,238.0,47.6,13.0,True,21900,UPI Fraud,25514.52,False,28.652453,77.259152,Delhi
CMP00694,3,88.0,44.0,20.0,False,92800,OTP Fraud,3654.82,True,26.825939,80.959263,Lucknow
CMP00695,3,127.0,63.5,56.0,True,91100,Loan App Fraud,13645.03,False,23.021128,72.578539,Ahmedabad
CMP00696,2,9.0,9.0,9.0,False,42300,UPI Fraud,20342.37,True,22.589414,88.411397,Kolkata
CMP00697,5,144.0,36.0,10.0,False,72600,Investment Fraud,35247.65,True,26.906785,80.94476,Lucknow
CMP00698,7,113.0,18.83,2.0,True,19000,OTP Fraud,19632.53,True,12.971115,77.587021,Bengaluru
CMP00699,2,23.0,23.0,23.0,False,120600,Digital Arrest Scam,8441.13,True,23.018104,72.612937,Ahmedabad
CMP00700,5,190.0,47.5,32.0,False,47000,Loan App Fraud,27484.5,False,19.070469,72.87078,Mumbai
CMP00701,3,74.0,37.0,6.0,True,35300,Loan App Fraud,39065.92,True,28.611657,77.245003,Delhi
CMP00702,7,340.0,56.67,7.0,False,134200,OTP Fraud,13781.8,True,12.918208,77.673044,Bengaluru
CMP00703,5,136.0,34.0,19.0,True,30200,OTP Fraud,28089.63,False,26.94241,75.770878,Jaipur
CMP00704,7,324.0,54.0,26.0,False,16600,UPI Fraud,3039.58,False,28.629068,77.20442,Delhi
CMP00705,5,199.0,49.75,24.0,False,15000,Investment Fraud,23251.87,True,12.955451,77.57462,Bengaluru
CMP00706,7,185.0,30.83,5.0,False,92100,Digital Arrest Scam,31939.45,True,22.586825,88.40461,Kolkata
CMP00707,3,82.0,41.0,10.0,False,18500,Digital Arrest Scam,36131.1,False,23.021327,72.583326,Ahmedabad
CMP00708,2,12.0,12.0,12.0,True,244400,Loan App Fraud,43011.22,False,25.600776,85.159841,Patna
CMP00709,2,86.0,86.0,86.0,False,15000,OTP Fraud,27573.15,False,12.979285,77.614993,Bengaluru
CMP00710,2,53.0,53.0,53.0,False,232600,Loan App Fraud,41605.0,False,18.506594,73.872523,Pune
CMP00711,5,179.0,44.75,23.0,False,65800,OTP Fraud,35659.23,True,22.57081,88.362969,Kolkata
CMP00712,5,99.0,24.75,4.0,False,50700,Loan App Fraud,39424.9,True,25.610355,85.135121,Patna
CMP00713,4,69.0,23.0,17.0,True,34600,Loan App Fraud,1239.65,False,28.641835,77.245212,Delhi
CMP00714,4,100.0,33.33,8.0,False,77200,Investment Fraud,7694.55,False,26.872208,75.791919,Jaipur
CMP00715,4,130.0,43.33,28.0,True,53300,UPI Fraud,21531.88,True,26.933416,75.800968,Jaipur
CMP00716,6,277.0,55.4,13.0,True,140500,Loan App Fraud,33084.9,True,26.897366,75.795295,Jaipur
CMP00717,5,156.0,39.0,13.0,True,60600,Digital Arrest Scam,40399.22,True,22.573319,88.395861,Kolkata
CMP00718,5,102.0,25.5,6.0,False,62500,Investment Fraud,40905.88,True,28.628666,77.236718,Delhi
CMP00719,7,307.0,51.17,11.0,True,40400,OTP Fraud,36485.13,True,25.606451,85.144117,Patna
CMP00720,3,146.0,73.0,66.0,False,52400,Digital Arrest Scam,10372.92,False,26.843214,80.934945,Lucknow
CMP00721,4,55.0,18.33,15.0,True,71400,UPI Fraud,40143.2,False,19.102841,72.852037,Mumbai
CMP00722,5,209.0,52.25,16.0,True,15000,Investment Fraud,1308.47,True,25.590203,85.123893,Patna
CMP00723,2,84.0,84.0,84.0,True,17500,Digital Arrest Scam,29383.5,False,25.580444,85.147395,Patna
CMP00724,7,341.0,56.83,2.0,True,103500,Investment Fraud,14079.7,True,22.582028,88.363168,Kolkata
CMP00725,6,179.0,35.8,7.0,False,63600,Investment Fraud,42779.05,True,22.574657,88.390537,Kolkata
CMP00726,6,248.0,49.6,3.0,False,47000,OTP Fraud,9545.3,True,28.639878,77.207106,Delhi
CMP00727,6,353.0,70.6,56.0,False,55900,Loan App Fraud,38986.47,False,17.378969,78.495501,Hyderabad
CMP00728,7,303.0,50.5,3.0,True,73900,Investment Fraud,36618.15,True,18.504761,73.866595,Pune
CMP00729,3,125.0,62.5,52.0,True,34800,Investment Fraud,12173.97,True,12.992337,77.589754,Bengaluru
CMP00730,5,178.0,44.5,17.0,True,28400,OTP Fraud,23943.03,False,18.538821,73.849667,Pune
CMP00731,3,24.0,12.0,11.0,False,65000,OTP Fraud,18652.9,True,26.9393,75.787833,Jaipur
CMP00732,3,82.0,41.0,11.0,False,23900,Digital Arrest Scam,13521.88,False,25.608939,85.06409,Patna
CMP00733,6,273.0,54.6,33.0,True,77800,Loan App Fraud,38956.73,True,22.586844,88.375093,Kolkata
CMP00734,4,146.0,48.67,28.0,True,15000,Loan App Fraud,20800.4,False,26.861367,80.934327,Lucknow
CMP00735,4,133.0,44.33,29.0,True,131900,Loan App Fraud,34193.43,False,26.887615,75.733465,Jaipur
CMP00736,5,210.0,52.5,39.0,True,82200,OTP Fraud,24354.75,True,17.369945,78.498419,Hyderabad
CMP00737,5,146.0,36.5,3.0,True,68400,UPI Fraud,20181.58,True,25.580717,85.135337,Patna
CMP00738,4,156.0,52.0,10.0,True,126800,Investment Fraud,37956.43,True,19.108935,72.88264,Mumbai
CMP00739,2,64.0,64.0,64.0,True,226600,Digital Arrest Scam,24258.3,False,26.89045,75.766628,Jaipur
CMP00740,2,7.0,7.0,7.0,True,130300,Loan App Fraud,3096.3,False,28.630548,77.21954,Delhi
CMP00741,7,348.0,58.0,11.0,True,15000,Investment Fraud,24074.2,True,26.865852,80.976873,Lucknow
CMP00742,7,209.0,34.83,6.0,True,18500,Digital Arrest Scam,33447.72,True,26.915005,75.785735,Jaipur
CMP00743,2,87.0,87.0,87.0,True,32300,Loan App Fraud,37756.97,False,26.911791,75.840857,Jaipur
CMP00744,2,13.0,13.0,13.0,True,56200,Digital Arrest Scam,19157.37,True,23.016348,72.550319,Ahmedabad
CMP00745,3,105.0,52.5,30.0,False,85400,OTP Fraud,43087.58,True,19.065138,72.869971,Mumbai
CMP00746,2,7.0,7.0,7.0,False,29700,UPI Fraud,17071.68,True,17.409236,78.49738,Hyderabad
CMP00747,4,115.0,38.33,14.0,False,64500,Digital Arrest Scam,15824.23,False,22.57194,88.370904,Kolkata
CMP00748,7,313.0,52.17,11.0,True,28900,Investment Fraud,6837.98,True,19.086647,72.878179,Mumbai
CMP00749,6,214.0,42.8,11.0,True,32700,UPI Fraud,32995.07,True,17.388057,78.500282,Hyderabad
CMP00750,7,294.0,49.0,5.0,True,16600,OTP Fraud,249.85,True,25.592014,85.101359,Patna
CMP00751,2,78.0,78.0,78.0,False,25100,Investment Fraud,28578.53,True,12.990152,77.602082,Bengaluru
CMP00752,7,173.0,28.83,10.0,True,17400,Loan App Fraud,13944.62,True,28.599008,77.243361,Delhi
CMP00753,6,148.0,29.6,7.0,False,24000,UPI Fraud,19994.62,True,26.889014,75.81445,Jaipur
CMP00754,2,13.0,13.0,13.0,False,134700,Digital Arrest Scam,40322.47,True,19.082235,72.917136,Mumbai
CMP00755,7,253.0,42.17,21.0,True,24500,Digital Arrest Scam,2501.98,True,28.606551,77.20721,Delhi
CMP00756,5,199.0,49.75,16.0,False,500000,UPI Fraud,12269.17,False,26.829821,80.942587,Lucknow
CMP00757,5,286.0,71.5,36.0,True,83700,Digital Arrest Scam,34490.48,False,19.116343,72.889038,Mumbai
CMP00758,2,44.0,44.0,44.0,False,64400,UPI Fraud,2752.72,True,18.537788,73.877928,Pune
CMP00759,5,93.0,23.25,13.0,True,26500,OTP Fraud,39755.05,False,22.55872,88.410929,Kolkata
CMP00760,2,13.0,13.0,13.0,False,99700,Loan App Fraud,23586.78,True,19.086914,72.900298,Mumbai
CMP00761,2,33.0,33.0,33.0,True,33700,OTP Fraud,38141.1,True,18.54278,73.872579,Pune
CMP00762,6,211.0,42.2,2.0,False,61000,OTP Fraud,9359.9,False,25.572358,85.165736,Patna
CMP00763,7,282.0,47.0,20.0,False,484600,Digital Arrest Scam,18982.33,False,25.590664,85.161422,Patna
CMP00764,3,85.0,42.5,11.0,False,50700,Digital Arrest Scam,23236.13,False,19.098078,72.875754,Mumbai
CMP00765,6,310.0,62.0,26.0,False,146100,Digital Arrest Scam,17846.77,False,25.634406,85.160021,Patna
CMP00766,7,261.0,43.5,22.0,False,30300,Loan App Fraud,23471.48,False,28.618914,77.237716,Delhi
CMP00767,2,28.0,28.0,28.0,True,53400,Digital Arrest Scam,13691.6,True,19.071127,72.906044,Mumbai
CMP00768,5,268.0,67.0,59.0,True,247800,Investment Fraud,28253.47,True,26.9132,75.768465,Jaipur
CMP00769,5,112.0,28.0,4.0,True,32300,UPI Fraud,23014.38,False,26.935381,75.770596,Jaipur
CMP00770,3,102.0,51.0,31.0,True,256700,Digital Arrest Scam,6713.55,True,22.54134,88.379013,Kolkata
CMP00771,3,52.0,26.0,26.0,True,100400,Loan App Fraud,33539.1,True,23.045458,72.532137,Ahmedabad
CMP00772,5,192.0,48.0,24.0,False,34100,Loan App Fraud,483.1,True,17.338845,78.463462,Hyderabad
CMP00773,2,86.0,86.0,86.0,False,94100,Investment Fraud,16576.77,True,26.819057,80.940827,Lucknow
CMP00774,7,458.0,76.33,26.0,False,125700,Loan App Fraud,22745.12,True,18.509741,73.885411,Pune
CMP00775,4,136.0,45.33,2.0,False,93300,UPI Fraud,40113.67,True,23.011339,72.576252,Ahmedabad
CMP00776,4,143.0,47.67,22.0,True,15000,Digital Arrest Scam,25201.15,False,23.013195,72.598619,Ahmedabad
CMP00777,7,148.0,24.67,2.0,False,29600,Investment Fraud,8269.15,True,28.614422,77.214768,Delhi
CMP00778,7,280.0,46.67,19.0,True,44600,Investment Fraud,11098.65,True,26.873205,81.015192,Lucknow
CMP00779,6,247.0,49.4,8.0,False,51600,UPI Fraud,21671.58,False,22.547436,88.392397,Kolkata
CMP00780,4,101.0,33.67,8.0,False,93200,OTP Fraud,25722.82,True,18.506294,73.861314,Pune
CMP00781,4,155.0,51.67,26.0,False,64000,Digital Arrest Scam,15314.83,True,17.382317,78.497893,Hyderabad
CMP00782,7,261.0,43.5,3.0,False,17700,Investment Fraud,10596.08,True,25.603862,85.135019,Patna
CMP00783,7,311.0,51.83,17.0,False,76000,Investment Fraud,25998.92,True,23.052416,72.556155,Ahmedabad
CMP00784,2,33.0,33.0,33.0,False,92400,OTP Fraud,33036.92,False,22.573822,88.364915,Kolkata
CMP00785,5,215.0,53.75,6.0,True,88500,OTP Fraud,17282.73,True,28.637728,77.216178,Delhi
CMP00786,5,224.0,56.0,12.0,False,137800,Investment Fraud,36710.22,True,19.112914,72.912202,Mumbai
CMP00787,4,110.0,36.67,7.0,False,111700,UPI Fraud,25354.23,True,22.544058,88.359059,Kolkata
CMP00788,2,12.0,12.0,12.0,False,81300,UPI Fraud,8037.6,True,23.002229,72.539961,Ahmedabad
CMP00789,7,185.0,30.83,5.0,True,51800,Digital Arrest Scam,35280.75,True,19.060406,72.925551,Mumbai
CMP00790,7,313.0,52.17,2.0,True,15000,Digital Arrest Scam,37339.9,True,25.609438,85.11203,Patna
CMP00791,7,245.0,40.83,8.0,False,79200,OTP Fraud,22858.73,True,12.974432,77.558643,Bengaluru
CMP00792,7,339.0,56.5,25.0,True,65600,Digital Arrest Scam,7919.4,False,22.990996,72.555991,Ahmedabad
CMP00793,6,210.0,42.0,4.0,False,69300,UPI Fraud,34131.2,True,23.006526,72.538323,Ahmedabad
CMP00794,7,335.0,55.83,25.0,False,18600,UPI Fraud,30969.13,True,22.577401,88.356172,Kolkata
CMP00795,7,210.0,35.0,17.0,True,21900,OTP Fraud,9225.22,False,26.824184,80.96216,Lucknow
CMP00796,5,114.0,28.5,7.0,False,134600,OTP Fraud,32009.17,False,26.837222,80.94111,Lucknow
CMP00797,7,244.0,40.67,3.0,False,53200,Investment Fraud,39007.4,False,28.611846,77.236932,Delhi
CMP00798,4,104.0,34.67,2.0,True,98200,Investment Fraud,1593.5,True,12.945866,77.560783,Bengaluru
CMP00799,3,25.0,12.5,7.0,False,56300,Digital Arrest Scam,363.43,False,18.497354,73.831601,Pune
CMP00800,7,253.0,42.17,24.0,False,56400,UPI Fraud,5002.78,True,23.017772,72.594441,Ahmedabad
