complaint_id,predicted_city_1,confidence_1,predicted_city_2,confidence_2,predicted_city_3,confidence_3,hotspot_lat,hotspot_lon,hotspot_confidence
CMP00003,Lucknow,13.85,Patna,13.85,Mumbai,10.77,26.853676;26.832178;26.832415;26.781386;26.867111,80.971463;80.933071;80.923098;80.969959;80.908103,1.11;7.09;3.10;2.15;0.40
CMP00004,Lucknow,13.85,Patna,13.85,Mumbai,10.77,26.883341;26.848388;26.83309,80.940556;80.910581;80.948973,2.18;5.03;6.64
CMP00011,Delhi,16.36,Kolkata,16.36,Jaipur,14.55,28.598894;28.621176;28.588361,77.232686;77.193111;77.204956,12.87;2.57;0.92
CMP00012,Ahmedabad,16.67,Bengaluru,15.0,Jaipur,13.33,23.027722;22.989295;23.040962;23.019609;22.985537,72.522408;72.576322;72.575684;72.563872;72.553404,2.53;0.13;8.88;1.11;4.02
CMP00018,Bengaluru,16.07,Ahmedabad,12.5,Lucknow,12.5,12.979702;12.954677;12.997375;12.95062,77.584973;77.609892;77.617882;77.58687,8.55;2.14;1.60;3.78
CMP00024,Ahmedabad,16.67,Bengaluru,15.0,Jaipur,13.33,23.018057;23.051993;23.04337,72.56114;72.548945;72.578814,9.84;4.83;2.00
CMP00027,Bengaluru,14.29,Jaipur,14.29,Mumbai,12.5,12.980635;12.970704;12.906106,77.633051;77.633716;77.615148,4.53;0.90;8.86
CMP00039,Mumbai,20.0,Hyderabad,20.0,Bengaluru,13.33,19.040531;19.098588;19.06264,72.903762;72.878175;72.840324,3.00;13.29;3.71
CMP00041,Patna,19.23,Jaipur,15.38,Delhi,13.46,25.616985;25.580856;25.596527;25.576549;25.584297,85.145819;85.150432;85.161816;85.129408;85.101012,11.95;2.20;0.68;2.90;1.50
CMP00051,Bengaluru,14.29,Jaipur,14.29,Mumbai,12.5,12.905221;12.961712;12.982923,77.603238;77.587372;77.590448,6.61;7.65;0.03
CMP00052,Patna,17.39,Mumbai,13.04,Pune,13.04,25.546131;25.595606;25.589291;25.593232;25.622671,85.136937;85.199181;85.145139;85.108383;85.156398,1.07;2.00;3.32;1.24;9.76
CMP00059,Bengaluru,14.29,Jaipur,14.29,Mumbai,12.5,12.949584;12.959264;13.014265;12.971829;12.987827,77.596522;77.617679;77.61644;77.585462;77.564028,0.96;4.61;1.62;3.54;3.56
CMP00061,Patna,17.39,Mumbai,13.04,Pune,13.04,25.574519;25.614438;25.599786;25.553913;25.600597,85.129548;85.106828;85.170279;85.142216;85.157146,0.70;4.29;1.79;10.08;0.53
CMP00065,Bengaluru,14.29,Jaipur,14.29,Mumbai,12.5,12.987041;12.977257;12.975971,77.625027;77.615785;77.564179,2.77;2.87;8.65
CMP00068,Ahmedabad,16.67,Bengaluru,15.0,Jaipur,13.33,23.051465;23.046584;23.043052;23.016365;23.000262,72.550883;72.58172;72.61882;72.552557;72.551005,4.90;4.39;1.06;5.19;1.13
CMP00072,Bengaluru,16.07,Ahmedabad,12.5,Lucknow,12.5,12.971925;12.964984;12.987242;12.944828,77.630938;77.662604;77.573171;77.606662,7.91;1.09;4.88;2.19
CMP00074,Lucknow,13.85,Patna,13.85,Mumbai,10.77,26.843597;26.835388;26.872839,80.964709;80.965626;80.937646,4.67;5.10;4.08
CMP00078,Lucknow,13.85,Patna,13.85,Mumbai,10.77,26.85103;26.824604;26.848155,80.955833;80.950043;80.917626,3.82;1.86;8.17
CMP00080,Delhi,16.36,Kolkata,16.36,Jaipur,14.55,28.589925;28.636528;28.621511,77.24355;77.193902;77.21543,7.40;4.76;4.20
CMP00083,Lucknow,13.85,Patna,13.85,Mumbai,10.77,26.860972;26.87055;26.838818,80.974589;80.962485;80.965174,8.78;2.57;2.50
CMP00085,Delhi,16.36,Kolkata,16.36,Jaipur,14.55,28.612909;28.569188;28.603537,77.195633;77.217933;77.211005,5.38;1.13;9.85
CMP00086,Patna,19.23,Jaipur,15.38,Delhi,13.46,25.576217;25.575841;25.595239;25.647699;25.543471,85.15459;85.143011;85.12131;85.153448;85.142261,0.24;10.77;2.78;0.85;4.59
CMP00091,Delhi,16.36,Kolkata,16.36,Jaipur,14.55,28.594605;28.605544;28.621844;28.637535;28.623332,77.250533;77.201054;77.168694;77.24066;77.250284,10.03;2.00;3.66;0.52;0.15
CMP00094,Lucknow,13.85,Patna,13.85,Mumbai,10.77,26.878373;26.857795;26.823527,80.928508;80.965566;80.944712,7.38;4.24;2.23
CMP00097,Mumbai,20.0,Hyderabad,20.0,Bengaluru,13.33,19.114577;19.07279;19.077463;19.086124;19.070939,72.910782;72.866058;72.9364;72.900443;72.879222,5.23;4.96;1.47;4.40;3.94
CMP00099,Ahmedabad,16.67,Bengaluru,15.0,Jaipur,13.33,23.06215;23.075826;23.018705,72.540455;72.522598;72.586108,3.22;10.31;3.14
CMP00102,Bengaluru,14.29,Jaipur,14.29,Mumbai,12.5,12.959439;12.993725;12.956044;12.9954;12.98065,77.59979;77.582987;77.585713;77.630914;77.609133,7.73;5.61;0.52;0.17;0.26
CMP00117,Mumbai,20.0,Hyderabad,20.0,Bengaluru,13.33,19.075477;19.107942;19.089677;19.070558;19.096635,72.880633;72.862911;72.872645;72.905169;72.898038,6.27;1.28;0.75;5.36;6.34
CMP00120,Patna,19.23,Jaipur,15.38,Delhi,13.46,25.588119;25.587324;25.641908;25.549299;25.624223,85.158949;85.122273;85.164231;85.126431;85.107683,0.40;8.48;2.56;6.38;1.41
CMP00121,Lucknow,13.85,Patna,13.85,Mumbai,10.77,26.848595;26.871078;26.826063;26.857023;26.826144,80.929271;80.942524;80.938165;80.932107;80.952292,3.65;4.10;4.07;0.25;1.78
CMP00125,Bengaluru,16.07,Ahmedabad,12.5,Lucknow,12.5,12.959824;12.935398;12.953639;12.979373,77.600401;77.559413;77.589264;77.631484,0.46;6.27;0.39;8.95
CMP00126,Ahmedabad,16.67,Bengaluru,15.0,Jaipur,13.33,23.014942;23.005441;23.054278,72.571286;72.570195;72.590672,3.03;12.99;0.65
CMP00128,Bengaluru,14.29,Jaipur,14.29,Mumbai,12.5,12.96302;12.973341;12.983441;13.028494,77.606042;77.619188;77.595959;77.604756,2.52;9.44;1.35;0.98
CMP00130,Ahmedabad,14.52,Kolkata,12.9,Jaipur,12.9,23.077245;23.001507;22.969403;23.003522;23.031044,72.551193;72.556415;72.558256;72.57516;72.618304,2.89;1.47;2.40;2.13;5.63
CMP00131,Delhi,16.36,Kolkata,16.36,Jaipur,14.55,28.580894;28.643386;28.571072;28.611037,77.254786;77.197271;77.242847;77.239945,1.79;8.13;5.58;0.86
CMP00135,Ahmedabad,16.67,Bengaluru,15.0,Jaipur,13.33,23.028985;23.060406;23.014674,72.578959;72.579211;72.531422,9.78;5.83;1.06
CMP00140,Patna,17.39,Mumbai,13.04,Pune,13.04,25.61189;25.555747;25.602408,85.109484;85.169542;85.118888,0.58;12.91;3.90
CMP00144,Lucknow,19.3,Kolkata,12.28,Jaipur,12.28,26.872364;26.82119;26.883926;26.835859;26.803428,80.950352;80.939473;80.968146;80.937642;80.982308,2.50;5.04;2.50;6.51;2.75
CMP00145,Lucknow,13.85,Patna,13.85,Mumbai,10.77,26.834532;26.871239;26.846332;26.839665,80.979561;80.954468;80.96611;80.904583,1.96;7.98;1.46;2.45
CMP00146,Delhi,16.36,Kolkata,16.36,Jaipur,14.55,28.610827;28.586369;28.632584;28.665277,77.207117;77.221192;77.201733;77.201016,10.68;1.85;1.09;2.74
CMP00148,Patna,19.23,Jaipur,15.38,Delhi,13.46,25.573713;25.558248;25.595537;25.591551,85.123624;85.132812;85.08053;85.138653,5.78;6.52;1.27;5.66
CMP00154,Lucknow,19.3,Kolkata,12.28,Jaipur,12.28,26.843892;26.862054;26.833437,80.940676;80.965138;80.931805,11.57;7.12;0.61
CMP00156,Patna,17.39,Mumbai,13.04,Pune,13.04,25.578437;25.615385;25.594816,85.082797;85.112902;85.161816,3.85;5.52;8.02
CMP00157,Lucknow,19.3,Kolkata,12.28,Jaipur,12.28,26.826437;26.842027;26.820168;26.827369,80.923586;80.945005;80.929841;80.93743,6.58;0.98;5.14;6.60
CMP00158,Patna,17.39,Mumbai,13.04,Pune,13.04,25.593901;25.596034;25.632178,85.174599;85.116068;85.151073,9.05;3.69;4.65
CMP00159,Mumbai,20.0,Hyderabad,20.0,Bengaluru,13.33,19.110893;19.028156;19.076692,72.844959;72.901232;72.880884,10.92;2.64;6.44
CMP00163,Mumbai,20.0,Hyderabad,20.0,Bengaluru,13.33,19.066452;19.055285;19.013431;19.085756,72.867364;72.864071;72.894816;72.875577,6.55;2.60;4.02;6.83
CMP00164,Bengaluru,14.29,Jaipur,14.29,Mumbai,12.5,12.984123;12.974083;12.929865,77.570161;77.613385;77.608184,7.16;6.06;1.07
CMP00166,Bengaluru,14.29,Jaipur,14.29,Mumbai,12.5,12.930911;12.978093;12.987565;12.969948,77.595802;77.571992;77.553062;77.564325,8.00;1.13;2.13;3.03
CMP00168,Bengaluru,16.07,Ahmedabad,12.5,Lucknow,12.5,12.996757;12.992492;12.984845;12.909809,77.580178;77.566357;77.630639;77.574678,8.93;0.62;4.82;1.70
CMP00172,Bengaluru,14.29,Jaipur,14.29,Mumbai,12.5,12.975843;12.983801;12.968604;12.956737;12.963638,77.596835;77.634103;77.597443;77.609308;77.586624,0.73;4.54;3.04;5.74;0.24
CMP00173,Patna,19.23,Jaipur,15.38,Delhi,13.46,25.587345;25.587847;25.57719;25.62039,85.16129;85.170126;85.081842;85.116511,8.17;5.31;3.59;2.16
CMP00175,Mumbai,20.0,Hyderabad,20.0,Bengaluru,13.33,19.096735;19.08189;19.039035,72.822422;72.896972;72.906294,4.28;1.62;14.10
CMP00177,Mumbai,20.0,Hyderabad,20.0,Bengaluru,13.33,19.063815;19.048715;19.113744;19.067312;19.108174,72.887796;72.857275;72.887751;72.898428;72.866584,0.53;5.54;3.39;2.67;7.87
CMP00178,Lucknow,13.85,Patna,13.85,Mumbai,10.77,26.881348;26.805895;26.82024;26.850965,80.971415;80.953224;80.933377;80.967089,0.76;1.21;5.96;5.92
CMP00181,Bengaluru,14.29,Jaipur,14.29,Mumbai,12.5,13.032744;12.974335;12.983625;12.951838;13.018651,77.597831;77.612744;77.600197;77.606387;77.628236,1.43;1.73;8.20;0.46;2.47
CMP00185,Mumbai,20.0,Hyderabad,20.0,Bengaluru,13.33,19.073744;19.139467;19.061298,72.897227;72.890799;72.874365,2.39;5.79;11.82
CMP00187,Patna,19.23,Jaipur,15.38,Delhi,13.46,25.615406;25.588353;25.625853;25.556531,85.079582;85.153304;85.117138;85.131082,3.21;12.79;0.04;3.19
CMP00189,Ahmedabad,14.52,Kolkata,12.9,Jaipur,12.9,22.955078;23.016727;23.068724,72.570043;72.588805;72.599564,9.22;2.32;2.98
CMP00194,Lucknow,19.3,Kolkata,12.28,Jaipur,12.28,26.826722;26.846717;26.829761;26.827136;26.843829,80.942087;80.950156;80.949932;80.963057;80.950076,0.05;4.47;0.80;13.31;0.67
CMP00195,Lucknow,19.3,Kolkata,12.28,Jaipur,12.28,26.881415;26.794741;26.817262;26.853946,80.879716;80.915184;80.951293;80.939829,2.37;0.42;7.17;9.34
CMP00198,Ahmedabad,14.52,Kolkata,12.9,Jaipur,12.9,23.045892;23.040542;23.009387;22.991947;23.016492,72.603189;72.543174;72.583634;72.589225;72.562029,8.06;1.29;0.87;2.85;1.45
CMP00201,Ahmedabad,14.52,Kolkata,12.9,Jaipur,12.9,23.006069;22.980756;22.991462;23.055394;23.041409,72.547966;72.615517;72.550992;72.527572;72.536074,2.82;4.26;3.90;1.11;2.43
CMP00207,Patna,19.23,Jaipur,15.38,Delhi,13.46,25.618396;25.585707;25.647981;25.578529,85.136826;85.171251;85.154406;85.127146,4.50;6.86;4.89;2.98
CMP00211,Patna,19.23,Jaipur,15.38,Delhi,13.46,25.598996;25.604306;25.619829;25.600501;25.635737,85.113141;85.095035;85.149415;85.162167;85.162959,4.80;11.09;1.99;0.50;0.85
CMP00215,Lucknow,13.85,Patna,13.85,Mumbai,10.77,26.85629;26.838;26.810841,80.886957;80.951164;80.960726,0.84;10.66;2.35
CMP00216,Delhi,16.36,Kolkata,16.36,Jaipur,14.55,28.590165;28.626233;28.592441;28.599509;28.677902,77.27481;77.213621;77.226508;77.21205;77.206599,2.79;1.93;2.48;7.17;1.99
CMP00218,Ahmedabad,16.67,Bengaluru,15.0,Jaipur,13.33,23.026996;23.071876;22.983551,72.563029;72.570218;72.56139,3.40;12.32;0.95
CMP00220,Delhi,16.36,Kolkata,16.36,Jaipur,14.55,28.629445;28.595722;28.612039,77.169744;77.202812;77.224517,6.21;5.84;4.31
CMP00222,Ahmedabad,16.67,Bengaluru,15.0,Jaipur,13.33,23.054657;23.011156;22.984336;23.042962;23.033666,72.597955;72.587224;72.569952;72.574746;72.566068,0.57;2.17;5.72;3.65;4.56
CMP00223,Ahmedabad,14.52,Kolkata,12.9,Jaipur,12.9,23.023208;23.045957;23.024903,72.572144;72.558499;72.559843,7.27;5.93;1.32
CMP00224,Patna,19.23,Jaipur,15.38,Delhi,13.46,25.625494;25.589428;25.630274;25.619896,85.115235;85.126607;85.142514;85.100461,3.03;1.49;0.93;13.78
CMP00230,Ahmedabad,16.67,Bengaluru,15.0,Jaipur,13.33,23.040335;23.053079;23.009754,72.572575;72.554314;72.509285,10.66;4.70;1.31
CMP00231,Ahmedabad,16.67,Bengaluru,15.0,Jaipur,13.33,23.011362;23.061989;23.011995,72.607735;72.558328;72.564355,2.29;4.79;9.59
CMP00234,Bengaluru,16.07,Ahmedabad,12.5,Lucknow,12.5,12.923258;12.944836;12.967457,77.564415;77.611666;77.57396,6.24;4.82;5.01
CMP00239,Bengaluru,16.07,Ahmedabad,12.5,Lucknow,12.5,13.000778;12.932351;12.958662;12.985484,77.635128;77.596449;77.579627;77.579028,5.15;7.06;1.54;2.32
CMP00240,Ahmedabad,16.67,Bengaluru,15.0,Jaipur,13.33,23.013165;23.042398;23.03109;23.00487,72.542061;72.597613;72.561986;72.553809,1.17;0.16;9.47;5.87
CMP00241,Delhi,16.36,Kolkata,16.36,Jaipur,14.55,28.604837;28.627487;28.592636;28.570186,77.223595;77.23609;77.211618;77.177566,4.79;5.59;5.39;0.59
CMP00242,Ahmedabad,14.52,Kolkata,12.9,Jaipur,12.9,23.00956;23.022089;23.085673;23.010264;23.039547,72.576995;72.60111;72.558128;72.597504;72.617568,1.68;7.16;3.82;0.47;1.39
CMP00244,Bengaluru,16.07,Ahmedabad,12.5,Lucknow,12.5,12.992112;12.998267;13.006154;12.967422,77.607282;77.623832;77.610818;77.598268,0.98;6.66;5.04;3.39
CMP00245,Mumbai,20.0,Hyderabad,20.0,Bengaluru,13.33,19.086456;19.070357;19.096444,72.88771;72.877785;72.840465,4.20;14.00;1.80
CMP00247,Delhi,16.36,Kolkata,16.36,Jaipur,14.55,28.651278;28.620565;28.627351;28.644125,77.214341;77.198966;77.210199;77.172963,10.36;2.60;0.78;2.62
CMP00249,Ahmedabad,14.52,Kolkata,12.9,Jaipur,12.9,23.017841;23.013426;22.977251;23.010497,72.561283;72.575766;72.595525;72.574595,5.80;0.23;5.97;2.52
CMP00251,Patna,17.39,Mumbai,13.04,Pune,13.04,25.580127;25.633238;25.58022,85.14703;85.135956;85.184629,3.90;6.90;6.59
CMP00255,Ahmedabad,14.52,Kolkata,12.9,Jaipur,12.9,23.038716;23.050546;23.01694;23.019635;22.991819,72.596083;72.604164;72.542726;72.587232;72.612903,0.62;11.32;1.07;1.16;0.35
CMP00257,Bengaluru,14.29,Jaipur,14.29,Mumbai,12.5,12.953828;12.973455;12.995363;12.984238,77.577872;77.588865;77.586026;77.593877,0.63;8.17;1.04;4.45
CMP00261,Patna,17.39,Mumbai,13.04,Pune,13.04,25.610168;25.599013;25.591857;25.57719;25.593096,85.170829;85.155325;85.173603;85.182624;85.101831,0.50;4.99;3.69;3.62;4.59
CMP00268,Patna,19.23,Jaipur,15.38,Delhi,13.46,25.587178;25.589774;25.655907;25.619688;25.603403,85.136965;85.120396;85.125203;85.110259;85.149572,0.40;5.21;1.87;9.54;2.21
CMP00269,Lucknow,13.85,Patna,13.85,Mumbai,10.77,26.84661;26.884285;26.841176;26.85191;26.840521,80.917241;80.968134;80.946872;80.895157;80.92915,0.10;1.68;0.28;0.71;11.08
CMP00270,Ahmedabad,16.67,Bengaluru,15.0,Jaipur,13.33,23.027385;23.047222;23.010163,72.544834;72.586983;72.560275,0.91;2.20;13.56
CMP00272,Lucknow,13.85,Patna,13.85,Mumbai,10.77,26.848191;26.864156;26.86908;26.872939;26.879635,80.930027;80.956037;80.962079;80.932819;80.95114,0.30;2.73;3.31;0.09;7.42
CMP00274,Delhi,16.36,Kolkata,16.36,Jaipur,14.55,28.588111;28.629367;28.688025;28.59057;28.585704,77.195768;77.237233;77.206584;77.227833;77.223107,2.61;4.46;3.23;5.69;0.37
CMP00275,Patna,19.23,Jaipur,15.38,Delhi,13.46,25.587666;25.604081;25.58202,85.095885;85.15378;85.17695,17.59;1.16;0.48
CMP00276,Bengaluru,16.07,Ahmedabad,12.5,Lucknow,12.5,12.932555;12.968965;12.930776;12.991612;12.984921,77.644643;77.639121;77.580281;77.599082;77.563255,0.93;1.02;9.62;0.09;4.41
CMP00286,Ahmedabad,16.67,Bengaluru,15.0,Jaipur,13.33,23.008742;23.021861;23.03609;23.041792;23.051219,72.554609;72.600718;72.562135;72.500186;72.527907,2.72;3.60;0.38;3.43;6.54
CMP00290,Bengaluru,16.07,Ahmedabad,12.5,Lucknow,12.5,12.991782;12.999293;12.932703,77.563456;77.576898;77.58779,0.69;1.92;13.46
CMP00299,Bengaluru,16.07,Ahmedabad,12.5,Lucknow,12.5,12.996507;12.932685;13.009119,77.582256;77.583897;77.615856,1.23;3.00;11.84
CMP00303,Lucknow,19.3,Kolkata,12.28,Jaipur,12.28,26.838659;26.856248;26.872457;26.840224,80.998119;80.956951;80.95217;80.941291,2.03;2.04;0.42;14.81
CMP00308,Delhi,16.36,Kolkata,16.36,Jaipur,14.55,28.632216;28.615866;28.636808;28.63885,77.206982;77.159045;77.217662;77.136594,1.32;0.25;3.19;11.60
CMP00312,Ahmedabad,14.52,Kolkata,12.9,Jaipur,12.9,23.050205;23.037819;23.006906;23.017733,72.545402;72.545065;72.619251;72.576836,4.99;8.18;1.12;0.23
CMP00316,Bengaluru,14.29,Jaipur,14.29,Mumbai,12.5,12.995674;12.960377;12.976539;12.944683;12.94436,77.602291;77.596287;77.605831;77.61131;77.635378,2.18;3.36;5.35;2.12;1.28
CMP00321,Delhi,16.36,Kolkata,16.36,Jaipur,14.55,28.612297;28.621934;28.654243;28.607796;28.643637,77.217219;77.219548;77.220338;77.233102;77.17831,1.77;0.19;1.80;12.52;0.08
CMP00322,Ahmedabad,16.67,Bengaluru,15.0,Jaipur,13.33,23.025512;22.990549;23.000371;22.983682;22.990171,72.545683;72.530306;72.610214;72.563812;72.556376,3.95;3.44;3.83;1.37;4.08
CMP00325,Patna,19.23,Jaipur,15.38,Delhi,13.46,25.576896;25.618644;25.531615,85.193911;85.129479;85.194874,0.69;8.45;10.09
CMP00326,Patna,17.39,Mumbai,13.04,Pune,13.04,25.652315;25.611099;25.587783;25.589378;25.593258,85.155729;85.151987;85.147402;85.151427;85.113841,0.20;3.16;3.62;3.85;6.56
CMP00336,Ahmedabad,14.52,Kolkata,12.9,Jaipur,12.9,22.974697;23.060363;23.007417;23.019143,72.581321;72.590727;72.53173;72.567419,1.64;1.85;2.03;9.00
CMP00339,Patna,19.23,Jaipur,15.38,Delhi,13.46,25.579066;25.554275;25.593609,85.145595;85.148612;85.151412,10.53;1.84;6.86
CMP00340,Ahmedabad,16.67,Bengaluru,15.0,Jaipur,13.33,23.034299;23.052654;23.015401,72.57488;72.580999;72.58143,11.01;5.36;0.30
CMP00341,Patna,19.23,Jaipur,15.38,Delhi,13.46,25.563003;25.57614;25.586726,85.120277;85.159973;85.168794,2.68;10.61;5.94
CMP00342,Lucknow,19.3,Kolkata,12.28,Jaipur,12.28,26.81701;26.862544;26.842068;26.847795,80.953946;80.956545;80.942954;80.942525,7.64;0.70;6.79;4.17
CMP00343,Bengaluru,14.29,Jaipur,14.29,Mumbai,12.5,12.969393;12.951508;13.013543;12.985825,77.659093;77.635578;77.58076;77.63531,5.37;4.55;1.52;2.85
CMP00354,Lucknow,13.85,Patna,13.85,Mumbai,10.77,26.832158;26.830468;26.847552;26.852545,80.920831;80.915601;80.926951;80.907303,1.62;0.42;0.45;11.36
CMP00358,Patna,19.23,Jaipur,15.38,Delhi,13.46,25.564785;25.611475;25.587588,85.106763;85.186264;85.180771,10.37;5.14;3.72
CMP00360,Delhi,16.36,Kolkata,16.36,Jaipur,14.55,28.627369;28.618134;28.611119,77.185983;77.173657;77.186402,0.25;3.34;12.77
CMP00373,Ahmedabad,14.52,Kolkata,12.9,Jaipur,12.9,23.009152;23.024325;23.02438;23.003771;23.009313,72.536221;72.590902;72.602076;72.577034;72.580442,2.87;0.87;2.22;3.23;5.33
CMP00374,Lucknow,19.3,Kolkata,12.28,Jaipur,12.28,26.82705;26.800795;26.819116;26.856414;26.846548,80.912919;80.9589;80.892378;81.008525;80.967162,6.88;5.99;4.85;0.14;1.44
CMP00378,Delhi,16.36,Kolkata,16.36,Jaipur,14.55,28.615946;28.636877;28.620585;28.597198,77.206528;77.201743;77.217042;77.233801,8.22;3.23;0.40;4.51
CMP00380,Ahmedabad,14.52,Kolkata,12.9,Jaipur,12.9,22.996586;23.023763;23.016871,72.604227;72.575662;72.576339,1.55;9.47;3.50
CMP00388,Patna,19.23,Jaipur,15.38,Delhi,13.46,25.594359;25.567472;25.578862;25.595516;25.592338,85.104804;85.129969;85.132926;85.150842;85.149763,5.02;6.49;1.69;2.36;3.67
CMP00389,Mumbai,20.0,Hyderabad,20.0,Bengaluru,13.33,19.045758;19.114269;19.070664;19.079717,72.892698;72.908169;72.914968;72.869273,4.22;7.97;6.54;1.27
CMP00395,Lucknow,19.3,Kolkata,12.28,Jaipur,12.28,26.831365;26.836996;26.850714;26.857623,80.938638;80.95046;80.946276;80.975966,17.00;1.13;0.63;0.54
CMP00397,Ahmedabad,16.67,Bengaluru,15.0,Jaipur,13.33,23.019287;23.009822;23.052695;23.044466;23.021753,72.596134;72.542124;72.563484;72.590455;72.567042,2.19;5.85;4.48;3.32;0.83
CMP00403,Bengaluru,14.29,Jaipur,14.29,Mumbai,12.5,12.974321;12.946747;12.922596;12.941774,77.566634;77.593827;77.646114;77.593598,3.90;0.12;1.79;8.48
CMP00404,Mumbai,20.0,Hyderabad,20.0,Bengaluru,13.33,19.041702;19.112779;19.059273,72.837361;72.872467;72.903698,3.30;11.25;5.45
CMP00406,Patna,17.39,Mumbai,13.04,Pune,13.04,25.648033;25.612652;25.626644;25.5949,85.122457;85.145082;85.176638;85.118765,5.23;2.58;1.32;8.26
CMP00408,Mumbai,20.0,Hyderabad,20.0,Bengaluru,13.33,19.070275;19.081924;19.055938,72.879951;72.866329;72.91017,1.47;12.06;6.47
CMP00410,Ahmedabad,16.67,Bengaluru,15.0,Jaipur,13.33,22.996327;23.052143;23.047401,72.584816;72.589374;72.55248,2.58;3.16;10.93
CMP00412,Ahmedabad,16.67,Bengaluru,15.0,Jaipur,13.33,23.038542;23.007916;23.05889;23.041145;23.001157,72.602016;72.572365;72.616382;72.586236;72.58038,5.88;2.89;1.38;0.78;5.74
CMP00422,Ahmedabad,14.52,Kolkata,12.9,Jaipur,12.9,23.073905;23.016969;23.030185;23.044012;23.018322,72.54382;72.56448;72.591793;72.556823;72.578464,1.38;8.82;0.85;1.56;1.91
CMP00426,Ahmedabad,16.67,Bengaluru,15.0,Jaipur,13.33,22.99653;23.030657;23.020141;23.042817;23.023262,72.583973;72.572158;72.569253;72.585848;72.534102,3.51;1.54;4.61;3.26;3.75
CMP00427,Ahmedabad,14.52,Kolkata,12.9,Jaipur,12.9,22.975021;23.067784;23.030716;23.006941,72.573361;72.586989;72.593906;72.583352,5.52;3.97;2.35;2.68
CMP00428,Ahmedabad,16.67,Bengaluru,15.0,Jaipur,13.33,23.017274;23.007987;23.064248;22.992603;23.052416,72.550137;72.586114;72.581267;72.582515;72.556155,1.47;0.02;0.67;3.08;11.43
CMP00430,Bengaluru,14.29,Jaipur,14.29,Mumbai,12.5,12.935354;12.960245;12.95117;12.986326;12.929129,77.566942;77.574091;77.542247;77.603068;77.63103,3.16;0.02;5.60;0.14;5.37
CMP00433,Patna,19.23,Jaipur,15.38,Delhi,13.46,25.623264;25.598628;25.649456;25.597261,85.123275;85.116706;85.1302;85.120402,3.80;8.50;0.02;6.91
CMP00437,Bengaluru,16.07,Ahmedabad,12.5,Lucknow,12.5,12.991059;12.951145;12.967345;12.98901;12.97381,77.58082;77.594516;77.583269;77.618483;77.631538,2.48;2.48;2.79;3.40;4.92
CMP00439,Lucknow,19.3,Kolkata,12.28,Jaipur,12.28,26.844633;26.884536;26.821095;26.877226,80.943156;80.96197;80.992552;80.960752,6.56;1.80;4.50;6.44
CMP00442,Lucknow,19.3,Kolkata,12.28,Jaipur,12.28,26.893815;26.834479;26.850222;26.854779,80.984781;80.91821;80.901989;80.94251,0.82;3.43;11.90;3.15
CMP00445,Lucknow,19.3,Kolkata,12.28,Jaipur,12.28,26.837479;26.841897;26.818915,80.956244;80.980962;80.944909,1.98;3.71;13.61
CMP00447,Ahmedabad,16.67,Bengaluru,15.0,Jaipur,13.33,23.064031;23.007445;22.99754,72.559973;72.583119;72.578945,0.68;10.47;5.52
CMP00449,Ahmedabad,14.52,Kolkata,12.9,Jaipur,12.9,22.998091;23.031376;23.001493;23.014904;23.009348,72.549089;72.565872;72.548329;72.610603;72.57105,3.53;2.71;7.95;0.18;0.15
CMP00454,Ahmedabad,14.52,Kolkata,12.9,Jaipur,12.9,22.978429;23.028677;23.04006;23.019761,72.545734;72.573583;72.573819;72.5563,0.28;10.28;0.65;3.31
CMP00463,Ahmedabad,14.52,Kolkata,12.9,Jaipur,12.9,23.042357;23.029839;23.034161,72.540043;72.537485;72.570509,0.78;3.41;10.33
CMP00469,Ahmedabad,14.52,Kolkata,12.9,Jaipur,12.9,23.011831;23.038324;23.047938,72.557854;72.560161;72.63798,9.14;4.19;1.19
CMP00470,Patna,17.39,Mumbai,13.04,Pune,13.04,25.598511;25.57341;25.567297,85.128424;85.139754;85.064566,0.63;10.15;6.61
CMP00471,Bengaluru,14.29,Jaipur,14.29,Mumbai,12.5,12.96039;13.015847;12.953831,77.64485;77.568741;77.596444,0.52;8.34;5.43
CMP00472,Mumbai,20.0,Hyderabad,20.0,Bengaluru,13.33,19.059851;19.063931;19.079067;19.084077;19.068705,72.85772;72.853867;72.918317;72.871391;72.83862,3.14;7.18;2.69;0.23;6.76
CMP00480,Ahmedabad,16.67,Bengaluru,15.0,Jaipur,13.33,23.020974;23.024584;22.998164,72.553004;72.593432;72.571265,12.27;4.32;0.08
CMP00482,Delhi,16.36,Kolkata,16.36,Jaipur,14.55,28.616732;28.636881;28.660732;28.602717;28.615596,77.173043;77.192296;77.236001;77.241025;77.230319,2.16;3.49;0.97;3.02;6.72
CMP00486,Delhi,16.36,Kolkata,16.36,Jaipur,14.55,28.605531;28.590022;28.665463;28.614505,77.198909;77.21959;77.182312;77.244306,0.85;5.87;7.77;1.87
CMP00489,Ahmedabad,16.67,Bengaluru,15.0,Jaipur,13.33,22.992775;23.023318;23.067323;23.002366;23.029274,72.565019;72.564727;72.576999;72.586311;72.579005,5.58;0.88;6.76;1.80;1.65
CMP00490,Patna,19.23,Jaipur,15.38,Delhi,13.46,25.627028;25.541054;25.626525,85.134648;85.122404;85.137028,6.25;9.95;3.03
CMP00491,Bengaluru,16.07,Ahmedabad,12.5,Lucknow,12.5,12.965627;12.961806;13.011984;13.002029,77.585429;77.57154;77.586542;77.632633,1.83;0.85;5.57;7.82
CMP00496,Lucknow,13.85,Patna,13.85,Mumbai,10.77,26.824107;26.817224;26.835085;26.853782,80.954309;80.975892;80.951229;80.939727,0.89;3.76;1.30;7.90
CMP00501,Lucknow,13.85,Patna,13.85,Mumbai,10.77,26.798297;26.872417;26.86479;26.816398;26.853517,80.949346;80.913281;80.962887;80.967056;80.96246,0.77;5.44;0.98;3.09;3.57
CMP00502,Mumbai,20.0,Hyderabad,20.0,Bengaluru,13.33,19.079521;19.082323;19.071312;19.070453,72.905215;72.876114;72.854136;72.888242,7.65;1.09;5.51;5.75
CMP00505,Mumbai,20.0,Hyderabad,20.0,Bengaluru,13.33,19.052614;19.062601;19.085182;19.070413;19.075515,72.90485;72.897901;72.923655;72.868967;72.870121,5.04;0.89;6.23;3.62;4.22
CMP00507,Patna,19.23,Jaipur,15.38,Delhi,13.46,25.617858;25.591489;25.595851;25.570916,85.180365;85.133379;85.166647;85.143559,3.48;8.86;3.43;3.46
CMP00513,Ahmedabad,16.67,Bengaluru,15.0,Jaipur,13.33,23.038832;22.977249;23.059351;23.044645;23.07513,72.638588;72.554202;72.5626;72.57715;72.543574,0.22;5.35;2.46;3.93;4.71
CMP00514,Patna,19.23,Jaipur,15.38,Delhi,13.46,25.595986;25.587948;25.648374,85.097551;85.116519;85.133203,6.18;5.55;7.50
CMP00515,Patna,17.39,Mumbai,13.04,Pune,13.04,25.591462;25.58311;25.588595;25.605401;25.571742,85.132991;85.082406;85.085904;85.106598;85.120865,7.47;2.28;3.38;1.75;2.51
CMP00522,Patna,19.23,Jaipur,15.38,Delhi,13.46,25.58637;25.602079;25.547221;25.590097;25.59943,85.118796;85.171111;85.140476;85.154384;85.118801,13.64;0.10;0.14;4.64;0.71
CMP00523,Ahmedabad,16.67,Bengaluru,15.0,Jaipur,13.33,23.022036;23.012522;22.988057,72.598304;72.555078;72.52495,1.61;5.64;9.42
CMP00527,Patna,17.39,Mumbai,13.04,Pune,13.04,25.582023;25.634406;25.587387;25.540305;25.588822,85.14127;85.160021;85.11532;85.119621;85.112921,1.68;7.57;3.98;2.98;1.18
CMP00531,Lucknow,19.3,Kolkata,12.28,Jaipur,12.28,26.87736;26.876104;26.851868;26.856238;26.848159,80.975127;80.90285;80.965173;80.962115;80.92758,5.56;0.29;0.33;1.75;11.37
CMP00537,Patna,17.39,Mumbai,13.04,Pune,13.04,25.661053;25.545115;25.615487;25.605874,85.125459;85.155916;85.169783;85.15874,2.51;0.19;8.97;5.72
CMP00543,Lucknow,13.85,Patna,13.85,Mumbai,10.77,26.881512;26.853917;26.843342;26.866537;26.879309,80.939949;80.952708;80.96647;80.902487;80.904638,1.98;3.94;1.14;1.29;5.50
CMP00545,Lucknow,13.85,Patna,13.85,Mumbai,10.77,26.819057;26.838999;26.879458;26.832646,80.940827;80.965692;80.981092;80.940969,5.57;5.31;2.14;0.83
CMP00546,Bengaluru,16.07,Ahmedabad,12.5,Lucknow,12.5,12.930878;13.018885;12.970451,77.626412;77.583048;77.565933,4.17;2.95;8.95
CMP00547,Mumbai,20.0,Hyderabad,20.0,Bengaluru,13.33,19.048546;19.030905;19.073664;19.081989,72.868655;72.868825;72.883425;72.900298,0.12;3.10;14.64;2.14
CMP00554,Lucknow,19.3,Kolkata,12.28,Jaipur,12.28,26.808208;26.859924;26.851283;26.88602,80.909043;80.895226;80.916693;80.952461,3.57;8.42;0.69;6.62
CMP00560,Patna,17.39,Mumbai,13.04,Pune,13.04,25.574405;25.589896;25.544618,85.122079;85.125798;85.156298,11.41;3.69;2.29
CMP00574,Bengaluru,16.07,Ahmedabad,12.5,Lucknow,12.5,12.908343;12.999124;12.940861;12.959967,77.58745;77.643559;77.607017;77.591951,5.39;0.93;3.64;6.11
CMP00576,Delhi,16.36,Kolkata,16.36,Jaipur,14.55,28.620547;28.604856;28.597263,77.253228;77.216003;77.230829,6.26;7.60;2.50
CMP00581,Bengaluru,16.07,Ahmedabad,12.5,Lucknow,12.5,12.999751;12.927274;12.948957;12.956708;12.918208,77.593315;77.626148;77.578256;77.628961;77.673044,3.46;4.76;0.27;1.03;6.55
CMP00585,Lucknow,13.85,Patna,13.85,Mumbai,10.77,26.857067;26.875845;26.843319;26.905031;26.895627,80.983498;80.941089;80.971289;80.951007;80.940165,1.31;3.05;6.01;0.80;2.68
CMP00586,Ahmedabad,16.67,Bengaluru,15.0,Jaipur,13.33,23.051135;23.000141;23.00911;23.035376,72.558111;72.554301;72.592815;72.589291,7.22;6.64;0.81;2.00
CMP00593,Delhi,16.36,Kolkata,16.36,Jaipur,14.55,28.622686;28.613237;28.609823;28.597021;28.59409,77.235754;77.186953;77.190377;77.205387;77.201301,0.45;4.13;4.32;3.17;4.29
CMP00598,Lucknow,13.85,Patna,13.85,Mumbai,10.77,26.847455;26.835118;26.883076,80.961415;80.940714;80.946277,4.89;8.73;0.23
CMP00599,Patna,17.39,Mumbai,13.04,Pune,13.04,25.574871;25.614837;25.587487;25.609985;25.595598,85.114102;85.132754;85.087503;85.106619;85.144534,9.62;0.40;0.59;4.04;2.74
CMP00600,Lucknow,19.3,Kolkata,12.28,Jaipur,12.28,26.846899;26.901387;26.830477,80.971293;80.913941;80.950927,5.28;12.45;1.57
CMP00602,Ahmedabad,14.52,Kolkata,12.9,Jaipur,12.9,23.049005;23.03231;23.021861;23.005132;23.009398,72.640392;72.558676;72.527173;72.561168;72.575209,2.76;0.67;3.01;4.16;3.92
CMP00604,Ahmedabad,14.52,Kolkata,12.9,Jaipur,12.9,23.014303;23.043127;23.006047;22.988853,72.57528;72.549722;72.563807;72.550919,8.09;2.24;0.00;4.19
CMP00605,Patna,19.23,Jaipur,15.38,Delhi,13.46,25.588443;25.592461;25.633319;25.607156;25.598888,85.156501;85.187142;85.104398;85.11719;85.139309,5.41;1.10;4.55;6.51;1.66
CMP00606,Delhi,16.36,Kolkata,16.36,Jaipur,14.55,28.629294;28.610414;28.613913;28.577804;28.600137,77.239097;77.197745;77.22403;77.151595;77.178482,3.83;8.05;3.24;0.95;0.29
CMP00619,Mumbai,20.0,Hyderabad,20.0,Bengaluru,13.33,19.066083;19.066735;19.069175;19.100274;19.05745,72.889763;72.930295;72.886828;72.917756;72.867251,2.18;0.25;6.88;2.54;8.15
CMP00624,Ahmedabad,14.52,Kolkata,12.9,Jaipur,12.9,22.992765;22.999984;23.014285,72.612467;72.58736;72.58648,5.52;7.02;1.98
CMP00626,Bengaluru,16.07,Ahmedabad,12.5,Lucknow,12.5,12.928004;12.933467;12.966149,77.597575;77.566255;77.52863,11.58;1.51;2.98
CMP00627,Patna,17.39,Mumbai,13.04,Pune,13.04,25.607552;25.644548;25.62044;25.597119,85.136558;85.143008;85.119513;85.176289,4.12;6.01;7.18;0.08
CMP00632,Bengaluru,14.29,Jaipur,14.29,Mumbai,12.5,12.988422;12.962749;12.974146,77.609395;77.58026;77.633326,13.73;0.49;0.07
CMP00635,Patna,19.23,Jaipur,15.38,Delhi,13.46,25.610855;25.537263;25.584204;25.575522;25.635887,85.154524;85.114193;85.133109;85.117675;85.134911,3.59;3.90;0.01;2.99;8.74
CMP00641,Patna,19.23,Jaipur,15.38,Delhi,13.46,25.594622;25.562596;25.58472;25.626141;25.566314,85.143368;85.122191;85.129657;85.151542;85.143763,1.49;0.14;7.36;6.65;3.59
CMP00644,Bengaluru,16.07,Ahmedabad,12.5,Lucknow,12.5,12.94235;12.987563;12.965026,77.615814;77.588681;77.548707,8.45;5.13;2.49
CMP00648,Patna,17.39,Mumbai,13.04,Pune,13.04,25.573221;25.553908;25.64469;25.589349;25.58959,85.189838;85.142219;85.13777;85.128664;85.171921,10.47;5.83;0.30;0.76;0.03
CMP00651,Mumbai,20.0,Hyderabad,20.0,Bengaluru,13.33,19.040401;19.065269;19.036047;19.126608,72.871034;72.892414;72.889254;72.843621,9.99;7.16;0.57;2.28
CMP00653,Bengaluru,14.29,Jaipur,14.29,Mumbai,12.5,12.982247;12.955563;13.016709;12.989594,77.595079;77.606797;77.589827;77.562268,0.21;2.66;10.84;0.58
CMP00654,Delhi,16.36,Kolkata,16.36,Jaipur,14.55,28.613741;28.629362;28.629616,77.248056;77.203813;77.177265,8.52;1.38;6.46
CMP00661,Mumbai,20.0,Hyderabad,20.0,Bengaluru,13.33,19.064249;19.065082;19.128493,72.884347;72.876047;72.871524,1.99;3.08;14.93
CMP00662,Patna,17.39,Mumbai,13.04,Pune,13.04,25.577866;25.62959;25.547437;25.576984,85.170633;85.122589;85.162788;85.157366,0.63;1.70;2.52;12.54
CMP00665,Bengaluru,14.29,Jaipur,14.29,Mumbai,12.5,12.971957;12.961424;12.974247;13.021011,77.570752;77.611758;77.60921;77.555494,4.53;2.42;5.83;1.51
CMP00666,Lucknow,19.3,Kolkata,12.28,Jaipur,12.28,26.866182;26.881976;26.837678,80.938936;80.936065;80.859414,5.66;11.06;2.58
CMP00669,Lucknow,13.85,Patna,13.85,Mumbai,10.77,26.868872;26.781595;26.857618,80.935681;80.951174;80.956307,2.39;9.32;2.14
CMP00671,Patna,19.23,Jaipur,15.38,Delhi,13.46,25.570296;25.596837;25.579778,85.148166;85.163913;85.095935,2.54;7.43;9.26
CMP00672,Bengaluru,16.07,Ahmedabad,12.5,Lucknow,12.5,12.954707;12.944419;12.988584;12.988258;12.928455,77.595454;77.567454;77.56588;77.606165;77.577661,0.28;1.02;10.77;0.00;4.00
CMP00674,Mumbai,20.0,Hyderabad,20.0,Bengaluru,13.33,19.064493;19.112493;19.061039,72.849313;72.834697;72.883414,2.36;7.47;10.17
CMP00676,Mumbai,20.0,Hyderabad,20.0,Bengaluru,13.33,19.08646;19.092261;19.102299,72.91274;72.840123;72.852748,7.13;11.21;1.66
CMP00690,Bengaluru,14.29,Jaipur,14.29,Mumbai,12.5,12.998649;12.992002;12.998787;12.961034;12.958201,77.619488;77.592745;77.617704;77.611515;77.608101,5.94;0.45;3.01;2.97;1.92
CMP00693,Lucknow,13.85,Patna,13.85,Mumbai,10.77,26.873155;26.86254;26.786918;26.858055,80.969639;80.948399;80.944328;80.932832,0.89;0.86;8.04;4.06
CMP00695,Ahmedabad,14.52,Kolkata,12.9,Jaipur,12.9,22.984553;23.04476;23.035017,72.562474;72.58578;72.572644,10.48;3.83;0.21
CMP00700,Patna,17.39,Mumbai,13.04,Pune,13.04,25.600191;25.56919;25.566171;25.603514;25.577865,85.172269;85.130603;85.112298;85.157846;85.156902,0.22;2.91;5.24;8.21;0.81
CMP00703,Bengaluru,14.29,Jaipur,14.29,Mumbai,12.5,12.962368;12.927194;12.945866,77.598185;77.604816;77.560783,3.87;3.35;7.07
CMP00704,Ahmedabad,16.67,Bengaluru,15.0,Jaipur,13.33,23.00537;23.004909;23.067834,72.567611;72.594699;72.554964,6.00;2.51;8.16
CMP00707,Mumbai,20.0,Hyderabad,20.0,Bengaluru,13.33,19.103935;19.067006;19.065663;19.051906;19.084595,72.913912;72.844549;72.884207;72.853771;72.876484,1.67;0.24;1.93;11.93;4.23
CMP00708,Ahmedabad,14.52,Kolkata,12.9,Jaipur,12.9,23.01674;23.044755;22.976345;22.985087,72.548294;72.597281;72.548162;72.555149,0.22;2.34;0.63;11.33
CMP00709,Bengaluru,16.07,Ahmedabad,12.5,Lucknow,12.5,12.973789;12.969515;12.976533;13.009065;13.001348,77.604498;77.599242;77.574282;77.625794;77.619942,1.41;4.06;1.93;2.09;6.58
CMP00710,Patna,17.39,Mumbai,13.04,Pune,13.04,25.619542;25.607887;25.603867,85.144387;85.146115;85.104438,10.03;4.00;3.36
CMP00713,Ahmedabad,14.52,Kolkata,12.9,Jaipur,12.9,22.984222;23.036801;23.050609;23.036615,72.584256;72.569845;72.563048;72.545908,6.07;5.73;2.64;0.08
CMP00714,Lucknow,19.3,Kolkata,12.28,Jaipur,12.28,26.854614;26.806563;26.888637;26.847095;26.885906,80.950942;80.935225;80.933889;80.944031;80.978459,15.99;0.46;0.04;2.41;0.40
CMP00720,Mumbai,20.0,Hyderabad,20.0,Bengaluru,13.33,19.056406;19.053095;19.074321;19.093051;19.061499,72.860436;72.856904;72.859806;72.914881;72.883685,1.40;6.34;0.49;1.13;10.64
CMP00721,Lucknow,13.85,Patna,13.85,Mumbai,10.77,26.848599;26.858756;26.868429;26.827618,80.964767;80.915258;80.968382;80.947148,5.10;3.07;2.76;2.92
CMP00723,Delhi,16.36,Kolkata,16.36,Jaipur,14.55,28.570955;28.634159;28.641574,77.216122;77.202259;77.22503,1.96;10.70;3.70
CMP00727,Patna,17.39,Mumbai,13.04,Pune,13.04,25.643913;25.580361;25.584422;25.594735;25.593754,85.118434;85.15909;85.136465;85.089608;85.120357,2.87;4.72;1.35;5.80;2.65
CMP00730,Bengaluru,14.29,Jaipur,14.29,Mumbai,12.5,12.954119;12.985168;12.974993;12.954241;12.946405,77.582291;77.568629;77.598723;77.602849;77.566673,6.49;0.28;3.58;1.31;2.63
CMP00732,Mumbai,20.0,Hyderabad,20.0,Bengaluru,13.33,19.088047;19.089722;19.072864;19.078147;19.070255,72.891382;72.871326;72.885897;72.822217;72.856415,2.17;5.45;5.77;3.32;3.29
CMP00734,Ahmedabad,14.52,Kolkata,12.9,Jaipur,12.9,23.032942;23.02687;23.012765,72.592575;72.575516;72.611173,6.80;5.90;1.82
CMP00735,Ahmedabad,14.52,Kolkata,12.9,Jaipur,12.9,23.012066;23.046895;22.991357;23.004761;23.017075,72.564023;72.594361;72.572773;72.539937;72.563688,3.78;0.70;4.49;0.79;4.76
CMP00739,Delhi,16.36,Kolkata,16.36,Jaipur,14.55,28.57946;28.639435;28.57425;28.660674,77.194881;77.261211;77.162002;77.21874,5.96;7.62;2.29;0.49
CMP00740,Ahmedabad,14.52,Kolkata,12.9,Jaipur,12.9,23.030696;22.997153;22.999364;23.000116,72.594507;72.573542;72.577785;72.561197,6.70;1.04;3.84;2.94
CMP00743,Ahmedabad,14.52,Kolkata,12.9,Jaipur,12.9,22.95538;23.021357;23.073216;22.99509;23.053612,72.577889;72.552275;72.595362;72.592356;72.574701,3.89;0.76;1.64;7.47;0.76
CMP00747,Mumbai,20.0,Hyderabad,20.0,Bengaluru,13.33,19.043019;19.055999;19.106936;19.074929;19.097211,72.872625;72.876112;72.866267;72.879151;72.821528,5.54;5.97;2.14;1.31;5.04
CMP00756,Ahmedabad,16.67,Bengaluru,15.0,Jaipur,13.33,23.052502;22.975586;23.006616;23.006891,72.559102;72.586893;72.541658;72.566787,12.38;0.25;3.76;0.28
CMP00757,Delhi,16.36,Kolkata,16.36,Jaipur,14.55,28.630188;28.608863;28.62887;28.595546,77.180558;77.208837;77.225709;77.21105,2.20;2.97;6.11;5.08
CMP00759,Bengaluru,14.29,Jaipur,14.29,Mumbai,12.5,12.942993;12.998456;12.953584;12.975372;12.9805,77.596032;77.632755;77.607821;77.591653;77.60005,3.02;1.82;3.17;2.90;3.38
CMP00762,Bengaluru,16.07,Ahmedabad,12.5,Lucknow,12.5,13.018216;12.96929;12.946904;12.955842,77.622348;77.564172;77.617931;77.569399,4.09;2.61;3.05;6.32
CMP00763,Mumbai,20.0,Hyderabad,20.0,Bengaluru,13.33,19.07639;19.053306;19.08877,72.900257;72.915682;72.903465,5.16;4.52;10.32
CMP00764,Mumbai,20.0,Hyderabad,20.0,Bengaluru,13.33,19.078458;19.04045;19.055565,72.876379;72.905327;72.862461,10.31;2.06;7.63
CMP00765,Mumbai,20.0,Hyderabad,20.0,Bengaluru,13.33,19.097204;19.089807;19.058581,72.846887;72.893341;72.892251,10.15;2.11;7.74
CMP00766,Patna,17.39,Mumbai,13.04,Pune,13.04,25.582598;25.585784;25.580649,85.13594;85.149889;85.139273,0.92;11.91;4.56
CMP00769,Lucknow,13.85,Patna,13.85,Mumbai,10.77,26.863469;26.834971;26.829018;26.875735,80.938894;80.962316;80.949334;80.925919,2.55;0.91;5.30;5.09
CMP00776,Delhi,16.36,Kolkata,16.36,Jaipur,14.55,28.588483;28.612917;28.622246,77.202898;77.205638;77.244784,2.79;3.31;10.26
CMP00779,Ahmedabad,16.67,Bengaluru,15.0,Jaipur,13.33,23.055873;23.049285;23.046669;23.063349;23.066719,72.587144;72.621901;72.579664;72.615269;72.559096,1.98;5.60;1.39;0.08;7.62
CMP00784,Bengaluru,16.07,Ahmedabad,12.5,Lucknow,12.5,12.980791;12.987238;12.956791;13.020454;12.945127,77.542099;77.616731;77.597689;77.581956;77.631642,1.14;0.60;2.10;6.10;6.13
CMP00792,Delhi,16.36,Kolkata,16.36,Jaipur,14.55,28.641724;28.581108;28.624003,77.235941;77.230691;77.183451,12.50;0.81;3.05
CMP00795,Bengaluru,14.29,Jaipur,14.29,Mumbai,12.5,12.963222;13.010454;12.981972;12.972688;12.908361,77.603158;77.615949;77.606182;77.608553;77.587185,3.23;0.70;4.32;2.15;3.89
CMP00796,Bengaluru,16.07,Ahmedabad,12.5,Lucknow,12.5,12.975378;12.928123;12.951414,77.613732;77.622423;77.590875,2.00;10.19;3.88
CMP00797,Lucknow,19.3,Kolkata,12.28,Jaipur,12.28,26.818435;26.862438;26.869084,80.961768;80.926092;80.930411,3.46;7.89;7.95
CMP00799,Mumbai,20.0,Hyderabad,20.0,Bengaluru,13.33,19.083216;19.105812;19.071439,72.879569;72.874697;72.865584,14.37;0.07;5.56
